{
  "Packages": [
    {
      "Package": {
        "Id": "UiPath.Excel.Activities",
        "Version": "2.9.5"
      },
      "Assemblies": [
        "C:\\Users\\FLI028\\.nuget\\packages\\closedxml/0.87.1\\lib/net40/ClosedXML.dll",
        "C:\\Users\\FLI028\\.nuget\\packages\\csvhelper/16.0.0\\lib/net45/CsvHelper.dll",
        "C:\\Users\\FLI028\\.nuget\\packages\\documentformat.openxml/2.5.0\\lib/DocumentFormat.OpenXml.dll",
        "C:\\Users\\FLI028\\.nuget\\packages\\microsoft.visualstudio.ole.interop/7.10.6071\\lib/Microsoft.VisualStudio.OLE.Interop.dll",
        "C:\\Users\\FLI028\\.nuget\\packages\\npoi/2.4.1\\lib/net45/NPOI.OOXML.dll",
        "C:\\Users\\FLI028\\.nuget\\packages\\npoi/2.4.1\\lib/net45/NPOI.OpenXml4Net.dll",
        "C:\\Users\\FLI028\\.nuget\\packages\\npoi/2.4.1\\lib/net45/NPOI.OpenXmlFormats.dll",
        "C:\\Users\\FLI028\\.nuget\\packages\\npoi/2.4.1\\lib/net45/NPOI.dll",
        "C:\\Users\\FLI028\\.nuget\\packages\\sharpziplib/1.3.3\\lib/net45/ICSharpCode.SharpZipLib.dll",
        "C:\\Users\\FLI028\\.nuget\\packages\\system.valuetuple/4.5.0\\lib/net461/System.ValueTuple.dll",
        "C:\\Users\\FLI028\\.nuget\\packages\\uipath.excel.activities/2.9.5\\lib/net461/UiPath.Excel.Activities.Design.dll",
        "C:\\Users\\FLI028\\.nuget\\packages\\uipath.excel.activities/2.9.5\\lib/net461/UiPath.Excel.Activities.dll",
        "C:\\Users\\FLI028\\.nuget\\packages\\uipath.excel.activities/2.9.5\\lib/net461/UiPath.Excel.dll"
      ],
      "Path": "C:\\Users\\FLI028\\.nuget\\packages\\uipath.excel.activities\\2.9.5"
    },
    {
      "Package": {
        "Id": "UiPath.Mail.Activities",
        "Version": "1.9.5"
      },
      "Assemblies": [
        "C:\\Users\\FLI028\\.nuget\\packages\\bouncycastle/1.8.5\\lib/BouncyCastle.Crypto.dll",
        "C:\\Users\\FLI028\\.nuget\\packages\\google.apis/1.43.0\\lib/net45/Google.Apis.PlatformServices.dll",
        "C:\\Users\\FLI028\\.nuget\\packages\\google.apis/1.43.0\\lib/net45/Google.Apis.dll",
        "C:\\Users\\FLI028\\.nuget\\packages\\google.apis.auth/1.43.0\\lib/net45/Google.Apis.Auth.PlatformServices.dll",
        "C:\\Users\\FLI028\\.nuget\\packages\\google.apis.auth/1.43.0\\lib/net45/Google.Apis.Auth.dll",
        "C:\\Users\\FLI028\\.nuget\\packages\\google.apis.calendar.v3/1.43.0.1872\\lib/net45/Google.Apis.Calendar.v3.dll",
        "C:\\Users\\FLI028\\.nuget\\packages\\google.apis.core/1.43.0\\lib/net45/Google.Apis.Core.dll",
        "C:\\Users\\FLI028\\.nuget\\packages\\google.apis.gmail.v1/1.43.0.1859\\lib/net45/Google.Apis.Gmail.v1.dll",
        "C:\\Users\\FLI028\\.nuget\\packages\\google.apis.peopleservice.v1/1.43.0.1876\\lib/net45/Google.Apis.PeopleService.v1.dll",
        "C:\\Users\\FLI028\\.nuget\\packages\\interop.domino.dll/1.0.0\\lib/Interop.Domino.dll",
        "C:\\Users\\FLI028\\.nuget\\packages\\microsoft.exchange.webservices/2.2.0\\lib/40/Microsoft.Exchange.WebServices.Auth.dll",
        "C:\\Users\\FLI028\\.nuget\\packages\\microsoft.exchange.webservices/2.2.0\\lib/40/Microsoft.Exchange.WebServices.dll",
        "C:\\Users\\FLI028\\.nuget\\packages\\microsoft.identity.client/4.14.0\\lib/net45/Microsoft.Identity.Client.dll",
        "C:\\Users\\FLI028\\.nuget\\packages\\newtonsoft.json/13.0.1\\lib/net45/Newtonsoft.Json.dll",
        "C:\\Users\\FLI028\\.nuget\\packages\\system.valuetuple/4.5.0\\lib/net461/System.ValueTuple.dll",
        "C:\\Users\\FLI028\\.nuget\\packages\\uipath.mail.activities/1.9.5\\lib/net461/MailKit.dll",
        "C:\\Users\\FLI028\\.nuget\\packages\\uipath.mail.activities/1.9.5\\lib/net461/MimeKit.dll",
        "C:\\Users\\FLI028\\.nuget\\packages\\uipath.mail.activities/1.9.5\\lib/net461/UiPath.Mail.Activities.Design.dll",
        "C:\\Users\\FLI028\\.nuget\\packages\\uipath.mail.activities/1.9.5\\lib/net461/UiPath.Mail.Activities.dll",
        "C:\\Users\\FLI028\\.nuget\\packages\\uipath.mail.activities/1.9.5\\lib/net461/UiPath.Mail.dll"
      ],
      "Path": "C:\\Users\\FLI028\\.nuget\\packages\\uipath.mail.activities\\1.9.5"
    },
    {
      "Package": {
        "Id": "UiPath.UIAutomation.Activities",
        "Version": "20.10.9"
      },
      "Assemblies": [
        "C:\\Users\\FLI028\\.nuget\\packages\\aforge/2.2.5\\lib/AForge.dll",
        "C:\\Users\\FLI028\\.nuget\\packages\\aforge.imaging/2.2.5\\lib/AForge.Imaging.dll",
        "C:\\Users\\FLI028\\.nuget\\packages\\aforge.math/2.2.5\\lib/AForge.Math.dll",
        "C:\\Users\\FLI028\\.nuget\\packages\\avalonedit/5.0.3\\lib/Net40/ICSharpCode.AvalonEdit.dll",
        "C:\\Users\\FLI028\\.nuget\\packages\\extended.wpf.toolkit/3.8.1\\lib/net40/Xceed.Wpf.AvalonDock.Themes.Aero.dll",
        "C:\\Users\\FLI028\\.nuget\\packages\\extended.wpf.toolkit/3.8.1\\lib/net40/Xceed.Wpf.AvalonDock.Themes.Metro.dll",
        "C:\\Users\\FLI028\\.nuget\\packages\\extended.wpf.toolkit/3.8.1\\lib/net40/Xceed.Wpf.AvalonDock.Themes.VS2010.dll",
        "C:\\Users\\FLI028\\.nuget\\packages\\extended.wpf.toolkit/3.8.1\\lib/net40/Xceed.Wpf.AvalonDock.dll",
        "C:\\Users\\FLI028\\.nuget\\packages\\extended.wpf.toolkit/3.8.1\\lib/net40/Xceed.Wpf.Toolkit.dll",
        "C:\\Users\\FLI028\\.nuget\\packages\\humanizer.core/2.4.2\\lib/netstandard2.0/Humanizer.dll",
        "C:\\Users\\FLI028\\.nuget\\packages\\newtonsoft.json/13.0.1\\lib/net45/Newtonsoft.Json.dll",
        "C:\\Users\\FLI028\\.nuget\\packages\\nlog/4.5.11\\lib/net45/NLog.dll",
        "C:\\Users\\FLI028\\.nuget\\packages\\system.buffers/4.5.1\\lib/net461/System.Buffers.dll",
        "C:\\Users\\FLI028\\.nuget\\packages\\system.collections.immutable/5.0.0\\lib/net461/System.Collections.Immutable.dll",
        "C:\\Users\\FLI028\\.nuget\\packages\\system.io.abstractions/3.0.10\\lib/net40/System.IO.Abstractions.dll",
        "C:\\Users\\FLI028\\.nuget\\packages\\system.memory/4.5.4\\lib/net461/System.Memory.dll",
        "C:\\Users\\FLI028\\.nuget\\packages\\system.numerics.vectors/4.5.0\\lib/net46/System.Numerics.Vectors.dll",
        "C:\\Users\\FLI028\\.nuget\\packages\\system.runtime.compilerservices.unsafe/4.7.1\\lib/net461/System.Runtime.CompilerServices.Unsafe.dll",
        "C:\\Users\\FLI028\\.nuget\\packages\\system.threading.tasks.dataflow/5.0.0\\lib/net461/System.Threading.Tasks.Dataflow.dll",
        "C:\\Users\\FLI028\\.nuget\\packages\\system.valuetuple/4.5.0\\lib/net461/System.ValueTuple.dll",
        "C:\\Users\\FLI028\\.nuget\\packages\\uipath/20.10.7641.24102\\lib/UiPath.Interop.dll",
        "C:\\Users\\FLI028\\.nuget\\packages\\uipath.ocr.activities/2.4.1\\lib/net461/UiPath.OCR.Activities.Design.dll",
        "C:\\Users\\FLI028\\.nuget\\packages\\uipath.ocr.activities/2.4.1\\lib/net461/UiPath.OCR.Activities.dll",
        "C:\\Users\\FLI028\\.nuget\\packages\\uipath.ocr.activities/2.4.1\\lib/net461/UiPath.OCR.Core.dll",
        "C:\\Users\\FLI028\\.nuget\\packages\\uipath.ocr.contracts/2.7.1\\lib/net461/UiPath.OCR.Contracts.dll",
        "C:\\Users\\FLI028\\.nuget\\packages\\uipath.platform/21.10.0\\lib/net461/UiPath.Platform.dll",
        "C:\\Users\\FLI028\\.nuget\\packages\\uipath.telemetry.client/1.5.3\\lib/net461/TelemetryClient.dll",
        "C:\\Users\\FLI028\\.nuget\\packages\\uipath.uiautomation.activities/20.10.9\\lib/net461/ActiproSoftware.DataGrid.Contrib.Wpf.dll",
        "C:\\Users\\FLI028\\.nuget\\packages\\uipath.uiautomation.activities/20.10.9\\lib/net461/ActiproSoftware.Docking.Wpf.dll",
        "C:\\Users\\FLI028\\.nuget\\packages\\uipath.uiautomation.activities/20.10.9\\lib/net461/ActiproSoftware.Editors.Wpf.dll",
        "C:\\Users\\FLI028\\.nuget\\packages\\uipath.uiautomation.activities/20.10.9\\lib/net461/ActiproSoftware.Ribbon.Wpf.dll",
        "C:\\Users\\FLI028\\.nuget\\packages\\uipath.uiautomation.activities/20.10.9\\lib/net461/ActiproSoftware.Shared.Wpf.dll",
        "C:\\Users\\FLI028\\.nuget\\packages\\uipath.uiautomation.activities/20.10.9\\lib/net461/ActiproSoftware.SyntaxEditor.Addons.DotNet.Wpf.dll",
        "C:\\Users\\FLI028\\.nuget\\packages\\uipath.uiautomation.activities/20.10.9\\lib/net461/ActiproSoftware.SyntaxEditor.Wpf.dll",
        "C:\\Users\\FLI028\\.nuget\\packages\\uipath.uiautomation.activities/20.10.9\\lib/net461/ActiproSoftware.Text.Addons.DotNet.Wpf.dll",
        "C:\\Users\\FLI028\\.nuget\\packages\\uipath.uiautomation.activities/20.10.9\\lib/net461/ActiproSoftware.Text.LLParser.Wpf.dll",
        "C:\\Users\\FLI028\\.nuget\\packages\\uipath.uiautomation.activities/20.10.9\\lib/net461/ActiproSoftware.Text.Wpf.dll",
        "C:\\Users\\FLI028\\.nuget\\packages\\uipath.uiautomation.activities/20.10.9\\lib/net461/ActiproSoftware.Wizard.Wpf.dll",
        "C:\\Users\\FLI028\\.nuget\\packages\\uipath.uiautomation.activities/20.10.9\\lib/net461/UiPath.CV.Activities.Design.dll",
        "C:\\Users\\FLI028\\.nuget\\packages\\uipath.uiautomation.activities/20.10.9\\lib/net461/UiPath.CV.Activities.dll",
        "C:\\Users\\FLI028\\.nuget\\packages\\uipath.uiautomation.activities/20.10.9\\lib/net461/UiPath.CV.dll",
        "C:\\Users\\FLI028\\.nuget\\packages\\uipath.uiautomation.activities/20.10.9\\lib/net461/UiPath.UIAutomation.Activities.Design.dll",
        "C:\\Users\\FLI028\\.nuget\\packages\\uipath.uiautomation.activities/20.10.9\\lib/net461/UiPath.UIAutomationCore.dll",
        "C:\\Users\\FLI028\\.nuget\\packages\\uipath.uiautomation.activities/20.10.9\\lib/net461/UiPath.UIAutomationNext.Activities.Design.dll",
        "C:\\Users\\FLI028\\.nuget\\packages\\uipath.uiautomation.activities/20.10.9\\lib/net461/UiPath.UIAutomationNext.Activities.dll",
        "C:\\Users\\FLI028\\.nuget\\packages\\uipath.uiautomation.activities/20.10.9\\lib/net461/UiPath.UIAutomationNext.dll",
        "C:\\Users\\FLI028\\.nuget\\packages\\uipath.uiautomation.activities/20.10.9\\lib/net461/UiPath.UiAutomation.Activities.dll",
        "C:\\Users\\FLI028\\.nuget\\packages\\uipath.uiautomation.activities/20.10.9\\lib/net461/UiPath.Wizards.dll",
        "C:\\Users\\FLI028\\.nuget\\packages\\uipath.vision/2.2.0\\lib/net461/UiPath.Vision.AzureComputerVision.dll",
        "C:\\Users\\FLI028\\.nuget\\packages\\uipath.vision/2.2.0\\lib/net461/UiPath.Vision.Core.dll",
        "C:\\Users\\FLI028\\.nuget\\packages\\uipath.vision/2.2.0\\lib/net461/UiPath.Vision.GoogleCloud.dll",
        "C:\\Users\\FLI028\\.nuget\\packages\\uipath.vision/2.2.0\\lib/net461/UiPath.Vision.Microsoft.dll",
        "C:\\Users\\FLI028\\.nuget\\packages\\uipath.vision/2.2.0\\lib/net461/UiPath.Vision.MicrosoftCloud.dll",
        "C:\\Users\\FLI028\\.nuget\\packages\\uipath.vision/2.2.0\\lib/net461/UiPath.Vision.Tesseract.dll",
        "C:\\Users\\FLI028\\.nuget\\packages\\uipath.vision/2.2.0\\lib/net461/UiPath.Vision.dll"
      ],
      "Path": "C:\\Users\\FLI028\\.nuget\\packages\\uipath.uiautomation.activities\\20.10.9"
    },
    {
      "Package": {
        "Id": "UiPathTeam.ArchiveLib.Activity",
        "Version": "1.1.1"
      },
      "Assemblies": [
        "C:\\Users\\FLI028\\.nuget\\packages\\csvhelper/16.0.0\\lib/net45/CsvHelper.dll",
        "C:\\Users\\FLI028\\.nuget\\packages\\microsoft.aspnet.signalr.client/2.4.0\\lib/net45/Microsoft.AspNet.SignalR.Client.dll",
        "C:\\Users\\FLI028\\.nuget\\packages\\microsoft.aspnetcore.connections.abstractions/3.1.6\\lib/netstandard2.0/Microsoft.AspNetCore.Connections.Abstractions.dll",
        "C:\\Users\\FLI028\\.nuget\\packages\\microsoft.aspnetcore.http.connections.client/3.1.6\\lib/netstandard2.0/Microsoft.AspNetCore.Http.Connections.Client.dll",
        "C:\\Users\\FLI028\\.nuget\\packages\\microsoft.aspnetcore.http.connections.common/3.1.6\\lib/netstandard2.0/Microsoft.AspNetCore.Http.Connections.Common.dll",
        "C:\\Users\\FLI028\\.nuget\\packages\\microsoft.aspnetcore.http.features/3.1.6\\lib/netstandard2.0/Microsoft.AspNetCore.Http.Features.dll",
        "C:\\Users\\FLI028\\.nuget\\packages\\microsoft.aspnetcore.signalr.client/3.1.6\\lib/netstandard2.0/Microsoft.AspNetCore.SignalR.Client.dll",
        "C:\\Users\\FLI028\\.nuget\\packages\\microsoft.aspnetcore.signalr.client.core/3.1.6\\lib/netstandard2.0/Microsoft.AspNetCore.SignalR.Client.Core.dll",
        "C:\\Users\\FLI028\\.nuget\\packages\\microsoft.aspnetcore.signalr.common/3.1.6\\lib/netstandard2.0/Microsoft.AspNetCore.SignalR.Common.dll",
        "C:\\Users\\FLI028\\.nuget\\packages\\microsoft.aspnetcore.signalr.protocols.json/3.1.6\\lib/netstandard2.0/Microsoft.AspNetCore.SignalR.Protocols.Json.dll",
        "C:\\Users\\FLI028\\.nuget\\packages\\microsoft.bcl.asyncinterfaces/1.1.1\\lib/net461/Microsoft.Bcl.AsyncInterfaces.dll",
        "C:\\Users\\FLI028\\.nuget\\packages\\microsoft.codeanalysis.common/3.8.0\\lib/netstandard2.0/Microsoft.CodeAnalysis.dll",
        "C:\\Users\\FLI028\\.nuget\\packages\\microsoft.codeanalysis.csharp/3.8.0\\lib/netstandard2.0/Microsoft.CodeAnalysis.CSharp.dll",
        "C:\\Users\\FLI028\\.nuget\\packages\\microsoft.codeanalysis.visualbasic/3.8.0\\lib/netstandard2.0/Microsoft.CodeAnalysis.VisualBasic.dll",
        "C:\\Users\\FLI028\\.nuget\\packages\\microsoft.extensions.configuration/3.1.6\\lib/netstandard2.0/Microsoft.Extensions.Configuration.dll",
        "C:\\Users\\FLI028\\.nuget\\packages\\microsoft.extensions.configuration.abstractions/3.1.6\\lib/netstandard2.0/Microsoft.Extensions.Configuration.Abstractions.dll",
        "C:\\Users\\FLI028\\.nuget\\packages\\microsoft.extensions.configuration.binder/3.1.6\\lib/netstandard2.0/Microsoft.Extensions.Configuration.Binder.dll",
        "C:\\Users\\FLI028\\.nuget\\packages\\microsoft.extensions.dependencyinjection/3.1.6\\lib/net461/Microsoft.Extensions.DependencyInjection.dll",
        "C:\\Users\\FLI028\\.nuget\\packages\\microsoft.extensions.dependencyinjection.abstractions/3.1.6\\lib/netstandard2.0/Microsoft.Extensions.DependencyInjection.Abstractions.dll",
        "C:\\Users\\FLI028\\.nuget\\packages\\microsoft.extensions.logging/3.1.6\\lib/netstandard2.0/Microsoft.Extensions.Logging.dll",
        "C:\\Users\\FLI028\\.nuget\\packages\\microsoft.extensions.logging.abstractions/3.1.6\\lib/netstandard2.0/Microsoft.Extensions.Logging.Abstractions.dll",
        "C:\\Users\\FLI028\\.nuget\\packages\\microsoft.extensions.options/3.1.6\\lib/netstandard2.0/Microsoft.Extensions.Options.dll",
        "C:\\Users\\FLI028\\.nuget\\packages\\microsoft.extensions.primitives/3.1.6\\lib/netstandard2.0/Microsoft.Extensions.Primitives.dll",
        "C:\\Users\\FLI028\\.nuget\\packages\\microsoft.rest.clientruntime/2.3.21\\lib/net461/Microsoft.Rest.ClientRuntime.dll",
        "C:\\Users\\FLI028\\.nuget\\packages\\newtonsoft.json/13.0.1\\lib/net45/Newtonsoft.Json.dll",
        "C:\\Users\\FLI028\\.nuget\\packages\\sharpziplib/1.3.3\\lib/net45/ICSharpCode.SharpZipLib.dll",
        "C:\\Users\\FLI028\\.nuget\\packages\\system.buffers/4.5.1\\lib/net461/System.Buffers.dll",
        "C:\\Users\\FLI028\\.nuget\\packages\\system.collections.immutable/5.0.0\\lib/net461/System.Collections.Immutable.dll",
        "C:\\Users\\FLI028\\.nuget\\packages\\system.componentmodel.annotations/4.7.0\\lib/net461/System.ComponentModel.Annotations.dll",
        "C:\\Users\\FLI028\\.nuget\\packages\\system.io.abstractions/3.0.10\\lib/net40/System.IO.Abstractions.dll",
        "C:\\Users\\FLI028\\.nuget\\packages\\system.io.pipelines/4.7.1\\lib/netstandard2.0/System.IO.Pipelines.dll",
        "C:\\Users\\FLI028\\.nuget\\packages\\system.management.automation/6.1.7601.17515\\lib/net45/System.Management.Automation.dll",
        "C:\\Users\\FLI028\\.nuget\\packages\\system.memory/4.5.4\\lib/net461/System.Memory.dll",
        "C:\\Users\\FLI028\\.nuget\\packages\\system.numerics.vectors/4.5.0\\lib/net46/System.Numerics.Vectors.dll",
        "C:\\Users\\FLI028\\.nuget\\packages\\system.reflection.metadata/5.0.0\\lib/net461/System.Reflection.Metadata.dll",
        "C:\\Users\\FLI028\\.nuget\\packages\\system.runtime.compilerservices.unsafe/4.7.1\\lib/net461/System.Runtime.CompilerServices.Unsafe.dll",
        "C:\\Users\\FLI028\\.nuget\\packages\\system.text.encoding.codepages/4.5.1\\lib/net461/System.Text.Encoding.CodePages.dll",
        "C:\\Users\\FLI028\\.nuget\\packages\\system.text.encodings.web/4.7.1\\lib/net461/System.Text.Encodings.Web.dll",
        "C:\\Users\\FLI028\\.nuget\\packages\\system.text.json/4.7.2\\lib/net461/System.Text.Json.dll",
        "C:\\Users\\FLI028\\.nuget\\packages\\system.threading.channels/4.7.1\\lib/net461/System.Threading.Channels.dll",
        "C:\\Users\\FLI028\\.nuget\\packages\\system.threading.tasks.dataflow/5.0.0\\lib/net461/System.Threading.Tasks.Dataflow.dll",
        "C:\\Users\\FLI028\\.nuget\\packages\\system.threading.tasks.extensions/4.5.4\\lib/net461/System.Threading.Tasks.Extensions.dll",
        "C:\\Users\\FLI028\\.nuget\\packages\\system.valuetuple/4.5.0\\lib/net461/System.ValueTuple.dll",
        "C:\\Users\\FLI028\\.nuget\\packages\\uipath.platform/21.10.0\\lib/net461/UiPath.Platform.dll",
        "C:\\Users\\FLI028\\.nuget\\packages\\uipath.system.activities/21.10.2\\lib/net461/UiPath.OrchestratorClient.dll",
        "C:\\Users\\FLI028\\.nuget\\packages\\uipath.system.activities/21.10.2\\lib/net461/UiPath.System.Activities.Design.dll",
        "C:\\Users\\FLI028\\.nuget\\packages\\uipath.system.activities/21.10.2\\lib/net461/UiPath.System.Activities.dll",
        "C:\\Users\\FLI028\\.nuget\\packages\\uipath.telemetry.client/1.5.3\\lib/net461/TelemetryClient.dll",
        "C:\\Users\\FLI028\\.nuget\\packages\\uipathteam.archivelib.activity/1.1.1\\lib/net45/ArchiveLib.dll"
      ],
      "Path": "C:\\Users\\FLI028\\.nuget\\packages\\uipathteam.archivelib.activity\\1.1.1"
    },
    {
      "Package": {
        "Id": "BalaReva.ZipUnzip.Activities",
        "Version": "2020.4.3"
      },
      "Assemblies": [
        "C:\\Users\\FLI028\\.nuget\\packages\\balareva.zipunzip.activities/2020.4.3\\lib/BalaReva.Zip.Design.dll",
        "C:\\Users\\FLI028\\.nuget\\packages\\balareva.zipunzip.activities/2020.4.3\\lib/BalaReva.Zip.dll",
        "C:\\Users\\FLI028\\.nuget\\packages\\dotnetzip.reduced/1.9.1.8\\lib/net20/Ionic.Zip.Reduced.dll",
        "C:\\Users\\FLI028\\.nuget\\packages\\ionic.zip/1.9.1.8\\lib/Ionic.Zip.dll",
        "C:\\Users\\FLI028\\.nuget\\packages\\sharpcompress/0.26.0\\lib/net46/SharpCompress.dll",
        "C:\\Users\\FLI028\\.nuget\\packages\\system.buffers/4.5.1\\lib/net461/System.Buffers.dll",
        "C:\\Users\\FLI028\\.nuget\\packages\\system.memory/4.5.4\\lib/net461/System.Memory.dll",
        "C:\\Users\\FLI028\\.nuget\\packages\\system.numerics.vectors/4.5.0\\lib/net46/System.Numerics.Vectors.dll",
        "C:\\Users\\FLI028\\.nuget\\packages\\system.runtime.compilerservices.unsafe/4.7.1\\lib/net461/System.Runtime.CompilerServices.Unsafe.dll"
      ],
      "Path": "C:\\Users\\FLI028\\.nuget\\packages\\balareva.zipunzip.activities\\2020.4.3"
    },
    {
      "Package": {
        "Id": "UiPath.System.Activities",
        "Version": "21.10.2"
      },
      "Assemblies": [
        "C:\\Users\\FLI028\\.nuget\\packages\\csvhelper/16.0.0\\lib/net45/CsvHelper.dll",
        "C:\\Users\\FLI028\\.nuget\\packages\\microsoft.aspnet.signalr.client/2.4.0\\lib/net45/Microsoft.AspNet.SignalR.Client.dll",
        "C:\\Users\\FLI028\\.nuget\\packages\\microsoft.aspnetcore.connections.abstractions/3.1.6\\lib/netstandard2.0/Microsoft.AspNetCore.Connections.Abstractions.dll",
        "C:\\Users\\FLI028\\.nuget\\packages\\microsoft.aspnetcore.http.connections.client/3.1.6\\lib/netstandard2.0/Microsoft.AspNetCore.Http.Connections.Client.dll",
        "C:\\Users\\FLI028\\.nuget\\packages\\microsoft.aspnetcore.http.connections.common/3.1.6\\lib/netstandard2.0/Microsoft.AspNetCore.Http.Connections.Common.dll",
        "C:\\Users\\FLI028\\.nuget\\packages\\microsoft.aspnetcore.http.features/3.1.6\\lib/netstandard2.0/Microsoft.AspNetCore.Http.Features.dll",
        "C:\\Users\\FLI028\\.nuget\\packages\\microsoft.aspnetcore.signalr.client/3.1.6\\lib/netstandard2.0/Microsoft.AspNetCore.SignalR.Client.dll",
        "C:\\Users\\FLI028\\.nuget\\packages\\microsoft.aspnetcore.signalr.client.core/3.1.6\\lib/netstandard2.0/Microsoft.AspNetCore.SignalR.Client.Core.dll",
        "C:\\Users\\FLI028\\.nuget\\packages\\microsoft.aspnetcore.signalr.common/3.1.6\\lib/netstandard2.0/Microsoft.AspNetCore.SignalR.Common.dll",
        "C:\\Users\\FLI028\\.nuget\\packages\\microsoft.aspnetcore.signalr.protocols.json/3.1.6\\lib/netstandard2.0/Microsoft.AspNetCore.SignalR.Protocols.Json.dll",
        "C:\\Users\\FLI028\\.nuget\\packages\\microsoft.bcl.asyncinterfaces/1.1.1\\lib/net461/Microsoft.Bcl.AsyncInterfaces.dll",
        "C:\\Users\\FLI028\\.nuget\\packages\\microsoft.codeanalysis.common/3.8.0\\lib/netstandard2.0/Microsoft.CodeAnalysis.dll",
        "C:\\Users\\FLI028\\.nuget\\packages\\microsoft.codeanalysis.csharp/3.8.0\\lib/netstandard2.0/Microsoft.CodeAnalysis.CSharp.dll",
        "C:\\Users\\FLI028\\.nuget\\packages\\microsoft.codeanalysis.visualbasic/3.8.0\\lib/netstandard2.0/Microsoft.CodeAnalysis.VisualBasic.dll",
        "C:\\Users\\FLI028\\.nuget\\packages\\microsoft.extensions.configuration/3.1.6\\lib/netstandard2.0/Microsoft.Extensions.Configuration.dll",
        "C:\\Users\\FLI028\\.nuget\\packages\\microsoft.extensions.configuration.abstractions/3.1.6\\lib/netstandard2.0/Microsoft.Extensions.Configuration.Abstractions.dll",
        "C:\\Users\\FLI028\\.nuget\\packages\\microsoft.extensions.configuration.binder/3.1.6\\lib/netstandard2.0/Microsoft.Extensions.Configuration.Binder.dll",
        "C:\\Users\\FLI028\\.nuget\\packages\\microsoft.extensions.dependencyinjection/3.1.6\\lib/net461/Microsoft.Extensions.DependencyInjection.dll",
        "C:\\Users\\FLI028\\.nuget\\packages\\microsoft.extensions.dependencyinjection.abstractions/3.1.6\\lib/netstandard2.0/Microsoft.Extensions.DependencyInjection.Abstractions.dll",
        "C:\\Users\\FLI028\\.nuget\\packages\\microsoft.extensions.logging/3.1.6\\lib/netstandard2.0/Microsoft.Extensions.Logging.dll",
        "C:\\Users\\FLI028\\.nuget\\packages\\microsoft.extensions.logging.abstractions/3.1.6\\lib/netstandard2.0/Microsoft.Extensions.Logging.Abstractions.dll",
        "C:\\Users\\FLI028\\.nuget\\packages\\microsoft.extensions.options/3.1.6\\lib/netstandard2.0/Microsoft.Extensions.Options.dll",
        "C:\\Users\\FLI028\\.nuget\\packages\\microsoft.extensions.primitives/3.1.6\\lib/netstandard2.0/Microsoft.Extensions.Primitives.dll",
        "C:\\Users\\FLI028\\.nuget\\packages\\microsoft.rest.clientruntime/2.3.21\\lib/net461/Microsoft.Rest.ClientRuntime.dll",
        "C:\\Users\\FLI028\\.nuget\\packages\\newtonsoft.json/13.0.1\\lib/net45/Newtonsoft.Json.dll",
        "C:\\Users\\FLI028\\.nuget\\packages\\sharpziplib/1.3.3\\lib/net45/ICSharpCode.SharpZipLib.dll",
        "C:\\Users\\FLI028\\.nuget\\packages\\system.buffers/4.5.1\\lib/net461/System.Buffers.dll",
        "C:\\Users\\FLI028\\.nuget\\packages\\system.collections.immutable/5.0.0\\lib/net461/System.Collections.Immutable.dll",
        "C:\\Users\\FLI028\\.nuget\\packages\\system.componentmodel.annotations/4.7.0\\lib/net461/System.ComponentModel.Annotations.dll",
        "C:\\Users\\FLI028\\.nuget\\packages\\system.io.abstractions/3.0.10\\lib/net40/System.IO.Abstractions.dll",
        "C:\\Users\\FLI028\\.nuget\\packages\\system.io.pipelines/4.7.1\\lib/netstandard2.0/System.IO.Pipelines.dll",
        "C:\\Users\\FLI028\\.nuget\\packages\\system.management.automation/6.1.7601.17515\\lib/net45/System.Management.Automation.dll",
        "C:\\Users\\FLI028\\.nuget\\packages\\system.memory/4.5.4\\lib/net461/System.Memory.dll",
        "C:\\Users\\FLI028\\.nuget\\packages\\system.numerics.vectors/4.5.0\\lib/net46/System.Numerics.Vectors.dll",
        "C:\\Users\\FLI028\\.nuget\\packages\\system.reflection.metadata/5.0.0\\lib/net461/System.Reflection.Metadata.dll",
        "C:\\Users\\FLI028\\.nuget\\packages\\system.runtime.compilerservices.unsafe/4.7.1\\lib/net461/System.Runtime.CompilerServices.Unsafe.dll",
        "C:\\Users\\FLI028\\.nuget\\packages\\system.text.encoding.codepages/4.5.1\\lib/net461/System.Text.Encoding.CodePages.dll",
        "C:\\Users\\FLI028\\.nuget\\packages\\system.text.encodings.web/4.7.1\\lib/net461/System.Text.Encodings.Web.dll",
        "C:\\Users\\FLI028\\.nuget\\packages\\system.text.json/4.7.2\\lib/net461/System.Text.Json.dll",
        "C:\\Users\\FLI028\\.nuget\\packages\\system.threading.channels/4.7.1\\lib/net461/System.Threading.Channels.dll",
        "C:\\Users\\FLI028\\.nuget\\packages\\system.threading.tasks.dataflow/5.0.0\\lib/net461/System.Threading.Tasks.Dataflow.dll",
        "C:\\Users\\FLI028\\.nuget\\packages\\system.threading.tasks.extensions/4.5.4\\lib/net461/System.Threading.Tasks.Extensions.dll",
        "C:\\Users\\FLI028\\.nuget\\packages\\system.valuetuple/4.5.0\\lib/net461/System.ValueTuple.dll",
        "C:\\Users\\FLI028\\.nuget\\packages\\uipath.platform/21.10.0\\lib/net461/UiPath.Platform.dll",
        "C:\\Users\\FLI028\\.nuget\\packages\\uipath.system.activities/21.10.2\\lib/net461/UiPath.OrchestratorClient.dll",
        "C:\\Users\\FLI028\\.nuget\\packages\\uipath.system.activities/21.10.2\\lib/net461/UiPath.System.Activities.Design.dll",
        "C:\\Users\\FLI028\\.nuget\\packages\\uipath.system.activities/21.10.2\\lib/net461/UiPath.System.Activities.dll",
        "C:\\Users\\FLI028\\.nuget\\packages\\uipath.telemetry.client/1.5.3\\lib/net461/TelemetryClient.dll"
      ],
      "Path": "C:\\Users\\FLI028\\.nuget\\packages\\uipath.system.activities\\21.10.2"
    },
    {
      "Package": {
        "Id": "UiPath.VMware.Activities",
        "Version": "1.1.7"
      },
      "Assemblies": [
        "C:\\Users\\FLI028\\.nuget\\packages\\newtonsoft.json/13.0.1\\lib/net45/Newtonsoft.Json.dll",
        "C:\\Users\\FLI028\\.nuget\\packages\\sharpziplib/1.3.3\\lib/net45/ICSharpCode.SharpZipLib.dll",
        "C:\\Users\\FLI028\\.nuget\\packages\\system.data.common/4.3.0\\lib/net451/System.Data.Common.dll",
        "C:\\Users\\FLI028\\.nuget\\packages\\system.net.http/4.3.4\\lib/net46/System.Net.Http.dll",
        "C:\\Users\\FLI028\\.nuget\\packages\\system.security.cryptography.algorithms/4.3.0\\lib/net461/System.Security.Cryptography.Algorithms.dll",
        "C:\\Users\\FLI028\\.nuget\\packages\\system.security.cryptography.encoding/4.3.0\\lib/net46/System.Security.Cryptography.Encoding.dll",
        "C:\\Users\\FLI028\\.nuget\\packages\\system.security.cryptography.primitives/4.3.0\\lib/net46/System.Security.Cryptography.Primitives.dll",
        "C:\\Users\\FLI028\\.nuget\\packages\\system.security.cryptography.x509certificates/4.3.0\\lib/net461/System.Security.Cryptography.X509Certificates.dll",
        "C:\\Users\\FLI028\\.nuget\\packages\\system.threading.tasks.dataflow/5.0.0\\lib/net461/System.Threading.Tasks.Dataflow.dll",
        "C:\\Users\\FLI028\\.nuget\\packages\\system.valuetuple/4.5.0\\lib/net461/System.ValueTuple.dll",
        "C:\\Users\\FLI028\\.nuget\\packages\\uipath.telemetry.client/1.5.3\\lib/net461/TelemetryClient.dll",
        "C:\\Users\\FLI028\\.nuget\\packages\\uipath.vmware.activities/1.1.7\\lib/net461/UiPath.VMware.Activities.Design.dll",
        "C:\\Users\\FLI028\\.nuget\\packages\\uipath.vmware.activities/1.1.7\\lib/net461/UiPath.VMware.Activities.dll",
        "C:\\Users\\FLI028\\.nuget\\packages\\uipath.vmware.activities/1.1.7\\lib/net461/UiPath.VMware.dll",
        "C:\\Users\\FLI028\\.nuget\\packages\\uipath.vmware.activities/1.1.7\\lib/net461/vapi-client-bindings.dll",
        "C:\\Users\\FLI028\\.nuget\\packages\\uipath.vmware.activities/1.1.7\\lib/net461/vapi-runtime.dll",
        "C:\\Users\\FLI028\\.nuget\\packages\\uipath.vmware.activities/1.1.7\\lib/net461/Vim25Service.dll",
        "C:\\Users\\FLI028\\.nuget\\packages\\uipath.vmware.activities/1.1.7\\lib/net461/VimService.dll",
        "C:\\Users\\FLI028\\.nuget\\packages\\uipath.vmware.activities/1.1.7\\lib/net461/VMware.Binding.Wcf.dll",
        "C:\\Users\\FLI028\\.nuget\\packages\\uipath.vmware.activities/1.1.7\\lib/net461/VMware.Vim.dll"
      ],
      "Path": "C:\\Users\\FLI028\\.nuget\\packages\\uipath.vmware.activities\\1.1.7"
    }
  ],
  "Conflicts": [],
  "ResolvedDependencies": {
    "AForge": {
      "Id": "AForge",
      "Version": "2.2.5",
      "Dependencies": []
    },
    "AForge.Imaging": {
      "Id": "AForge.Imaging",
      "Version": "2.2.5",
      "Dependencies": [
        {
          "Item1": "AForge",
          "Item2": "[2.2.5, )"
        },
        {
          "Item1": "AForge.Math",
          "Item2": "[2.2.5, )"
        }
      ]
    },
    "AForge.Math": {
      "Id": "AForge.Math",
      "Version": "2.2.5",
      "Dependencies": [
        {
          "Item1": "AForge",
          "Item2": "[2.2.5, )"
        }
      ]
    },
    "AvalonEdit": {
      "Id": "AvalonEdit",
      "Version": "5.0.3",
      "Dependencies": []
    },
    "BalaReva.ZipUnzip.Activities": {
      "Id": "BalaReva.ZipUnzip.Activities",
      "Version": "2020.4.3",
      "Dependencies": [
        {
          "Item1": "DotNetZip.Reduced",
          "Item2": "[1.9.1.8, )"
        },
        {
          "Item1": "SharpCompress",
          "Item2": "[0.26.0, )"
        },
        {
          "Item1": "Ionic.Zip",
          "Item2": "[1.9.1.8, )"
        }
      ]
    },
    "BouncyCastle": {
      "Id": "BouncyCastle",
      "Version": "1.8.5",
      "Dependencies": []
    },
    "ClosedXML": {
      "Id": "ClosedXML",
      "Version": "0.87.1",
      "Dependencies": [
        {
          "Item1": "DocumentFormat.OpenXml",
          "Item2": "[2.5.0, )"
        }
      ]
    },
    "CsvHelper": {
      "Id": "CsvHelper",
      "Version": "16.0.0",
      "Dependencies": [
        {
          "Item1": "Microsoft.CSharp",
          "Item2": "[4.5.0, )"
        },
        {
          "Item1": "System.ValueTuple",
          "Item2": "[4.4.0, )"
        }
      ]
    },
    "DocumentFormat.OpenXml": {
      "Id": "DocumentFormat.OpenXml",
      "Version": "2.5.0",
      "Dependencies": []
    },
    "DotNetZip.Reduced": {
      "Id": "DotNetZip.Reduced",
      "Version": "1.9.1.8",
      "Dependencies": []
    },
    "Extended.Wpf.Toolkit": {
      "Id": "Extended.Wpf.Toolkit",
      "Version": "3.8.1",
      "Dependencies": []
    },
    "Google.Apis": {
      "Id": "Google.Apis",
      "Version": "1.43.0",
      "Dependencies": [
        {
          "Item1": "Google.Apis.Core",
          "Item2": "[1.43.0, )"
        },
        {
          "Item1": "Newtonsoft.Json",
          "Item2": "[10.0.2, )"
        }
      ]
    },
    "Google.Apis.Auth": {
      "Id": "Google.Apis.Auth",
      "Version": "1.43.0",
      "Dependencies": [
        {
          "Item1": "Google.Apis.Core",
          "Item2": "[1.43.0, )"
        },
        {
          "Item1": "Google.Apis",
          "Item2": "[1.43.0, )"
        }
      ]
    },
    "Google.Apis.Calendar.v3": {
      "Id": "Google.Apis.Calendar.v3",
      "Version": "1.43.0.1872",
      "Dependencies": [
        {
          "Item1": "Google.Apis",
          "Item2": "[1.43.0, )"
        },
        {
          "Item1": "Google.Apis.Auth",
          "Item2": "[1.43.0, )"
        }
      ]
    },
    "Google.Apis.Core": {
      "Id": "Google.Apis.Core",
      "Version": "1.43.0",
      "Dependencies": [
        {
          "Item1": "Newtonsoft.Json",
          "Item2": "[10.0.2, )"
        }
      ]
    },
    "Google.Apis.Gmail.v1": {
      "Id": "Google.Apis.Gmail.v1",
      "Version": "1.43.0.1859",
      "Dependencies": [
        {
          "Item1": "Google.Apis",
          "Item2": "[1.43.0, )"
        },
        {
          "Item1": "Google.Apis.Auth",
          "Item2": "[1.43.0, )"
        }
      ]
    },
    "Google.Apis.PeopleService.v1": {
      "Id": "Google.Apis.PeopleService.v1",
      "Version": "1.43.0.1876",
      "Dependencies": [
        {
          "Item1": "Google.Apis",
          "Item2": "[1.43.0, )"
        },
        {
          "Item1": "Google.Apis.Auth",
          "Item2": "[1.43.0, )"
        }
      ]
    },
    "Humanizer.Core": {
      "Id": "Humanizer.Core",
      "Version": "2.4.2",
      "Dependencies": []
    },
    "interop.domino.dll": {
      "Id": "interop.domino.dll",
      "Version": "1.0.0",
      "Dependencies": []
    },
    "Ionic.Zip": {
      "Id": "Ionic.Zip",
      "Version": "1.9.1.8",
      "Dependencies": []
    },
    "Microsoft.AspNet.SignalR.Client": {
      "Id": "Microsoft.AspNet.SignalR.Client",
      "Version": "2.4.0",
      "Dependencies": [
        {
          "Item1": "Newtonsoft.Json",
          "Item2": "[6.0.4, )"
        }
      ]
    },
    "Microsoft.AspNetCore.Connections.Abstractions": {
      "Id": "Microsoft.AspNetCore.Connections.Abstractions",
      "Version": "3.1.6",
      "Dependencies": [
        {
          "Item1": "Microsoft.AspNetCore.Http.Features",
          "Item2": "[3.1.6, )"
        },
        {
          "Item1": "Microsoft.Bcl.AsyncInterfaces",
          "Item2": "[1.1.1, )"
        },
        {
          "Item1": "System.IO.Pipelines",
          "Item2": "[4.7.1, )"
        }
      ]
    },
    "Microsoft.AspNetCore.Http.Connections.Client": {
      "Id": "Microsoft.AspNetCore.Http.Connections.Client",
      "Version": "3.1.6",
      "Dependencies": [
        {
          "Item1": "Microsoft.AspNetCore.Http.Connections.Common",
          "Item2": "[3.1.6, )"
        },
        {
          "Item1": "Microsoft.Extensions.Logging.Abstractions",
          "Item2": "[3.1.6, )"
        },
        {
          "Item1": "Microsoft.Extensions.Options",
          "Item2": "[3.1.6, )"
        }
      ]
    },
    "Microsoft.AspNetCore.Http.Connections.Common": {
      "Id": "Microsoft.AspNetCore.Http.Connections.Common",
      "Version": "3.1.6",
      "Dependencies": [
        {
          "Item1": "Microsoft.AspNetCore.Connections.Abstractions",
          "Item2": "[3.1.6, )"
        },
        {
          "Item1": "System.Text.Json",
          "Item2": "[4.7.2, )"
        }
      ]
    },
    "Microsoft.AspNetCore.Http.Features": {
      "Id": "Microsoft.AspNetCore.Http.Features",
      "Version": "3.1.6",
      "Dependencies": [
        {
          "Item1": "Microsoft.Extensions.Primitives",
          "Item2": "[3.1.6, )"
        },
        {
          "Item1": "System.IO.Pipelines",
          "Item2": "[4.7.1, )"
        }
      ]
    },
    "Microsoft.AspNetCore.SignalR.Client": {
      "Id": "Microsoft.AspNetCore.SignalR.Client",
      "Version": "3.1.6",
      "Dependencies": [
        {
          "Item1": "Microsoft.AspNetCore.SignalR.Client.Core",
          "Item2": "[3.1.6, )"
        },
        {
          "Item1": "Microsoft.AspNetCore.Http.Connections.Client",
          "Item2": "[3.1.6, )"
        }
      ]
    },
    "Microsoft.AspNetCore.SignalR.Client.Core": {
      "Id": "Microsoft.AspNetCore.SignalR.Client.Core",
      "Version": "3.1.6",
      "Dependencies": [
        {
          "Item1": "Microsoft.AspNetCore.SignalR.Protocols.Json",
          "Item2": "[3.1.6, )"
        },
        {
          "Item1": "Microsoft.AspNetCore.SignalR.Common",
          "Item2": "[3.1.6, )"
        },
        {
          "Item1": "Microsoft.Bcl.AsyncInterfaces",
          "Item2": "[1.1.1, )"
        },
        {
          "Item1": "Microsoft.Extensions.DependencyInjection",
          "Item2": "[3.1.6, )"
        },
        {
          "Item1": "Microsoft.Extensions.Logging",
          "Item2": "[3.1.6, )"
        },
        {
          "Item1": "System.Threading.Channels",
          "Item2": "[4.7.1, )"
        }
      ]
    },
    "Microsoft.AspNetCore.SignalR.Common": {
      "Id": "Microsoft.AspNetCore.SignalR.Common",
      "Version": "3.1.6",
      "Dependencies": [
        {
          "Item1": "Microsoft.AspNetCore.Connections.Abstractions",
          "Item2": "[3.1.6, )"
        },
        {
          "Item1": "Microsoft.Extensions.Options",
          "Item2": "[3.1.6, )"
        },
        {
          "Item1": "System.Text.Json",
          "Item2": "[4.7.2, )"
        }
      ]
    },
    "Microsoft.AspNetCore.SignalR.Protocols.Json": {
      "Id": "Microsoft.AspNetCore.SignalR.Protocols.Json",
      "Version": "3.1.6",
      "Dependencies": [
        {
          "Item1": "Microsoft.AspNetCore.SignalR.Common",
          "Item2": "[3.1.6, )"
        }
      ]
    },
    "Microsoft.Bcl.AsyncInterfaces": {
      "Id": "Microsoft.Bcl.AsyncInterfaces",
      "Version": "1.1.1",
      "Dependencies": [
        {
          "Item1": "System.Threading.Tasks.Extensions",
          "Item2": "[4.5.4, )"
        }
      ]
    },
    "Microsoft.CodeAnalysis.Analyzers": {
      "Id": "Microsoft.CodeAnalysis.Analyzers",
      "Version": "3.0.0",
      "Dependencies": []
    },
    "Microsoft.CodeAnalysis.Common": {
      "Id": "Microsoft.CodeAnalysis.Common",
      "Version": "3.8.0",
      "Dependencies": [
        {
          "Item1": "Microsoft.CodeAnalysis.Analyzers",
          "Item2": "[3.0.0, )"
        },
        {
          "Item1": "System.Collections.Immutable",
          "Item2": "[5.0.0, )"
        },
        {
          "Item1": "System.Memory",
          "Item2": "[4.5.4, )"
        },
        {
          "Item1": "System.Reflection.Metadata",
          "Item2": "[5.0.0, )"
        },
        {
          "Item1": "System.Runtime.CompilerServices.Unsafe",
          "Item2": "[4.7.1, )"
        },
        {
          "Item1": "System.Text.Encoding.CodePages",
          "Item2": "[4.5.1, )"
        },
        {
          "Item1": "System.Threading.Tasks.Extensions",
          "Item2": "[4.5.4, )"
        }
      ]
    },
    "Microsoft.CodeAnalysis.CSharp": {
      "Id": "Microsoft.CodeAnalysis.CSharp",
      "Version": "3.8.0",
      "Dependencies": [
        {
          "Item1": "Microsoft.CodeAnalysis.Common",
          "Item2": "[3.8.0, 3.8.0]"
        }
      ]
    },
    "Microsoft.CodeAnalysis.VisualBasic": {
      "Id": "Microsoft.CodeAnalysis.VisualBasic",
      "Version": "3.8.0",
      "Dependencies": [
        {
          "Item1": "Microsoft.CodeAnalysis.Common",
          "Item2": "[3.8.0, 3.8.0]"
        }
      ]
    },
    "Microsoft.CSharp": {
      "Id": "Microsoft.CSharp",
      "Version": "4.7.0",
      "Dependencies": []
    },
    "Microsoft.Exchange.WebServices": {
      "Id": "Microsoft.Exchange.WebServices",
      "Version": "2.2.0",
      "Dependencies": []
    },
    "Microsoft.Extensions.Configuration": {
      "Id": "Microsoft.Extensions.Configuration",
      "Version": "3.1.6",
      "Dependencies": [
        {
          "Item1": "Microsoft.Extensions.Configuration.Abstractions",
          "Item2": "[3.1.6, )"
        }
      ]
    },
    "Microsoft.Extensions.Configuration.Abstractions": {
      "Id": "Microsoft.Extensions.Configuration.Abstractions",
      "Version": "3.1.6",
      "Dependencies": [
        {
          "Item1": "Microsoft.Extensions.Primitives",
          "Item2": "[3.1.6, )"
        }
      ]
    },
    "Microsoft.Extensions.Configuration.Binder": {
      "Id": "Microsoft.Extensions.Configuration.Binder",
      "Version": "3.1.6",
      "Dependencies": [
        {
          "Item1": "Microsoft.Extensions.Configuration",
          "Item2": "[3.1.6, )"
        }
      ]
    },
    "Microsoft.Extensions.DependencyInjection": {
      "Id": "Microsoft.Extensions.DependencyInjection",
      "Version": "3.1.6",
      "Dependencies": [
        {
          "Item1": "Microsoft.Extensions.DependencyInjection.Abstractions",
          "Item2": "[3.1.6, )"
        },
        {
          "Item1": "Microsoft.Bcl.AsyncInterfaces",
          "Item2": "[1.1.1, )"
        }
      ]
    },
    "Microsoft.Extensions.DependencyInjection.Abstractions": {
      "Id": "Microsoft.Extensions.DependencyInjection.Abstractions",
      "Version": "3.1.6",
      "Dependencies": []
    },
    "Microsoft.Extensions.Logging": {
      "Id": "Microsoft.Extensions.Logging",
      "Version": "3.1.6",
      "Dependencies": [
        {
          "Item1": "Microsoft.Extensions.Configuration.Binder",
          "Item2": "[3.1.6, )"
        },
        {
          "Item1": "Microsoft.Extensions.DependencyInjection",
          "Item2": "[3.1.6, )"
        },
        {
          "Item1": "Microsoft.Extensions.Logging.Abstractions",
          "Item2": "[3.1.6, )"
        },
        {
          "Item1": "Microsoft.Extensions.Options",
          "Item2": "[3.1.6, )"
        }
      ]
    },
    "Microsoft.Extensions.Logging.Abstractions": {
      "Id": "Microsoft.Extensions.Logging.Abstractions",
      "Version": "3.1.6",
      "Dependencies": []
    },
    "Microsoft.Extensions.Options": {
      "Id": "Microsoft.Extensions.Options",
      "Version": "3.1.6",
      "Dependencies": [
        {
          "Item1": "Microsoft.Extensions.DependencyInjection.Abstractions",
          "Item2": "[3.1.6, )"
        },
        {
          "Item1": "Microsoft.Extensions.Primitives",
          "Item2": "[3.1.6, )"
        },
        {
          "Item1": "System.ComponentModel.Annotations",
          "Item2": "[4.7.0, )"
        }
      ]
    },
    "Microsoft.Extensions.Primitives": {
      "Id": "Microsoft.Extensions.Primitives",
      "Version": "3.1.6",
      "Dependencies": [
        {
          "Item1": "System.Memory",
          "Item2": "[4.5.2, )"
        },
        {
          "Item1": "System.Runtime.CompilerServices.Unsafe",
          "Item2": "[4.7.1, )"
        }
      ]
    },
    "Microsoft.Identity.Client": {
      "Id": "Microsoft.Identity.Client",
      "Version": "4.14.0",
      "Dependencies": []
    },
    "Microsoft.Rest.ClientRuntime": {
      "Id": "Microsoft.Rest.ClientRuntime",
      "Version": "2.3.21",
      "Dependencies": [
        {
          "Item1": "Newtonsoft.Json",
          "Item2": "[10.0.3, )"
        }
      ]
    },
    "Microsoft.VisualBasic": {
      "Id": "Microsoft.VisualBasic",
      "Version": "10.3.0",
      "Dependencies": []
    },
    "Microsoft.VisualStudio.OLE.Interop": {
      "Id": "Microsoft.VisualStudio.OLE.Interop",
      "Version": "7.10.6071",
      "Dependencies": []
    },
    "Newtonsoft.Json": {
      "Id": "Newtonsoft.Json",
      "Version": "13.0.1",
      "Dependencies": []
    },
    "NLog": {
      "Id": "NLog",
      "Version": "4.5.11",
      "Dependencies": []
    },
    "NPOI": {
      "Id": "NPOI",
      "Version": "2.4.1",
      "Dependencies": [
        {
          "Item1": "SharpZipLib",
          "Item2": "[1.0.0, )"
        }
      ]
    },
    "SharpCompress": {
      "Id": "SharpCompress",
      "Version": "0.26.0",
      "Dependencies": [
        {
          "Item1": "System.Memory",
          "Item2": "[4.5.4, )"
        }
      ]
    },
    "SharpZipLib": {
      "Id": "SharpZipLib",
      "Version": "1.3.3",
      "Dependencies": []
    },
    "System.Buffers": {
      "Id": "System.Buffers",
      "Version": "4.5.1",
      "Dependencies": []
    },
    "System.Collections.Immutable": {
      "Id": "System.Collections.Immutable",
      "Version": "5.0.0",
      "Dependencies": [
        {
          "Item1": "System.Memory",
          "Item2": "[4.5.4, )"
        }
      ]
    },
    "System.ComponentModel.Annotations": {
      "Id": "System.ComponentModel.Annotations",
      "Version": "4.7.0",
      "Dependencies": []
    },
    "System.Data.Common": {
      "Id": "System.Data.Common",
      "Version": "4.3.0",
      "Dependencies": []
    },
    "System.IO.Abstractions": {
      "Id": "System.IO.Abstractions",
      "Version": "3.0.10",
      "Dependencies": []
    },
    "System.IO.Pipelines": {
      "Id": "System.IO.Pipelines",
      "Version": "4.7.1",
      "Dependencies": [
        {
          "Item1": "System.Buffers",
          "Item2": "[4.5.0, )"
        },
        {
          "Item1": "System.Memory",
          "Item2": "[4.5.3, )"
        },
        {
          "Item1": "System.Threading.Tasks.Extensions",
          "Item2": "[4.5.2, )"
        }
      ]
    },
    "System.Management.Automation": {
      "Id": "System.Management.Automation",
      "Version": "6.1.7601.17515",
      "Dependencies": []
    },
    "System.Memory": {
      "Id": "System.Memory",
      "Version": "4.5.4",
      "Dependencies": [
        {
          "Item1": "System.Buffers",
          "Item2": "[4.5.1, )"
        },
        {
          "Item1": "System.Numerics.Vectors",
          "Item2": "[4.5.0, )"
        },
        {
          "Item1": "System.Runtime.CompilerServices.Unsafe",
          "Item2": "[4.5.3, )"
        }
      ]
    },
    "System.Net.Http": {
      "Id": "System.Net.Http",
      "Version": "4.3.4",
      "Dependencies": [
        {
          "Item1": "System.Security.Cryptography.X509Certificates",
          "Item2": "[4.3.0, )"
        }
      ]
    },
    "System.Numerics.Vectors": {
      "Id": "System.Numerics.Vectors",
      "Version": "4.5.0",
      "Dependencies": []
    },
    "System.Reflection.Metadata": {
      "Id": "System.Reflection.Metadata",
      "Version": "5.0.0",
      "Dependencies": [
        {
          "Item1": "System.Collections.Immutable",
          "Item2": "[5.0.0, )"
        }
      ]
    },
    "System.Runtime.CompilerServices.Unsafe": {
      "Id": "System.Runtime.CompilerServices.Unsafe",
      "Version": "4.7.1",
      "Dependencies": []
    },
    "System.Security.Cryptography.Algorithms": {
      "Id": "System.Security.Cryptography.Algorithms",
      "Version": "4.3.0",
      "Dependencies": [
        {
          "Item1": "System.Security.Cryptography.Primitives",
          "Item2": "[4.3.0, )"
        }
      ]
    },
    "System.Security.Cryptography.Encoding": {
      "Id": "System.Security.Cryptography.Encoding",
      "Version": "4.3.0",
      "Dependencies": []
    },
    "System.Security.Cryptography.Primitives": {
      "Id": "System.Security.Cryptography.Primitives",
      "Version": "4.3.0",
      "Dependencies": []
    },
    "System.Security.Cryptography.X509Certificates": {
      "Id": "System.Security.Cryptography.X509Certificates",
      "Version": "4.3.0",
      "Dependencies": [
        {
          "Item1": "System.Security.Cryptography.Algorithms",
          "Item2": "[4.3.0, )"
        },
        {
          "Item1": "System.Security.Cryptography.Encoding",
          "Item2": "[4.3.0, )"
        }
      ]
    },
    "System.Text.Encoding.CodePages": {
      "Id": "System.Text.Encoding.CodePages",
      "Version": "4.5.1",
      "Dependencies": [
        {
          "Item1": "System.Runtime.CompilerServices.Unsafe",
          "Item2": "[4.5.2, )"
        }
      ]
    },
    "System.Text.Encodings.Web": {
      "Id": "System.Text.Encodings.Web",
      "Version": "4.7.1",
      "Dependencies": [
        {
          "Item1": "System.Memory",
          "Item2": "[4.5.4, )"
        }
      ]
    },
    "System.Text.Json": {
      "Id": "System.Text.Json",
      "Version": "4.7.2",
      "Dependencies": [
        {
          "Item1": "Microsoft.Bcl.AsyncInterfaces",
          "Item2": "[1.1.0, )"
        },
        {
          "Item1": "System.Buffers",
          "Item2": "[4.5.1, )"
        },
        {
          "Item1": "System.Memory",
          "Item2": "[4.5.4, )"
        },
        {
          "Item1": "System.Numerics.Vectors",
          "Item2": "[4.5.0, )"
        },
        {
          "Item1": "System.Runtime.CompilerServices.Unsafe",
          "Item2": "[4.7.1, )"
        },
        {
          "Item1": "System.Text.Encodings.Web",
          "Item2": "[4.7.1, )"
        },
        {
          "Item1": "System.Threading.Tasks.Extensions",
          "Item2": "[4.5.4, )"
        },
        {
          "Item1": "System.ValueTuple",
          "Item2": "[4.5.0, )"
        }
      ]
    },
    "System.Threading.Channels": {
      "Id": "System.Threading.Channels",
      "Version": "4.7.1",
      "Dependencies": [
        {
          "Item1": "System.Threading.Tasks.Extensions",
          "Item2": "[4.5.4, )"
        }
      ]
    },
    "System.Threading.Tasks.Dataflow": {
      "Id": "System.Threading.Tasks.Dataflow",
      "Version": "5.0.0",
      "Dependencies": []
    },
    "System.Threading.Tasks.Extensions": {
      "Id": "System.Threading.Tasks.Extensions",
      "Version": "4.5.4",
      "Dependencies": [
        {
          "Item1": "System.Runtime.CompilerServices.Unsafe",
          "Item2": "[4.5.3, )"
        }
      ]
    },
    "System.ValueTuple": {
      "Id": "System.ValueTuple",
      "Version": "4.5.0",
      "Dependencies": []
    },
    "UiPath": {
      "Id": "UiPath",
      "Version": "20.10.7641.24102",
      "Dependencies": []
    },
    "UiPath.Excel.Activities": {
      "Id": "UiPath.Excel.Activities",
      "Version": "2.9.5",
      "Dependencies": [
        {
          "Item1": "ClosedXML",
          "Item2": "[0.87.1, )"
        },
        {
          "Item1": "CsvHelper",
          "Item2": "[2.13.5, )"
        },
        {
          "Item1": "DocumentFormat.OpenXml",
          "Item2": "[2.5.0, )"
        },
        {
          "Item1": "Microsoft.VisualStudio.OLE.Interop",
          "Item2": "[7.10.6071, )"
        },
        {
          "Item1": "NPOI",
          "Item2": "[2.4.1, )"
        },
        {
          "Item1": "SharpZipLib",
          "Item2": "[1.0.0, )"
        }
      ]
    },
    "UiPath.Mail.Activities": {
      "Id": "UiPath.Mail.Activities",
      "Version": "1.9.5",
      "Dependencies": [
        {
          "Item1": "System.ValueTuple",
          "Item2": "[4.5.0, )"
        },
        {
          "Item1": "Google.Apis",
          "Item2": "[1.43.0, )"
        },
        {
          "Item1": "Microsoft.Exchange.WebServices",
          "Item2": "[2.2.0, )"
        },
        {
          "Item1": "Microsoft.Identity.Client",
          "Item2": "[4.14.0, )"
        },
        {
          "Item1": "Newtonsoft.Json",
          "Item2": "[11.0.1, )"
        },
        {
          "Item1": "BouncyCastle",
          "Item2": "[1.8.5, )"
        },
        {
          "Item1": "Google.Apis.Auth",
          "Item2": "[1.43.0, )"
        },
        {
          "Item1": "Google.Apis.Calendar.v3",
          "Item2": "[1.43.0.1872, )"
        },
        {
          "Item1": "Google.Apis.Gmail.v1",
          "Item2": "[1.43.0.1859, )"
        },
        {
          "Item1": "Google.Apis.PeopleService.v1",
          "Item2": "[1.43.0.1876, )"
        },
        {
          "Item1": "interop.domino.dll",
          "Item2": "[1.0.0, )"
        }
      ]
    },
    "UiPath.OCR.Activities": {
      "Id": "UiPath.OCR.Activities",
      "Version": "2.4.1",
      "Dependencies": [
        {
          "Item1": "UiPath.OCR.Contracts",
          "Item2": "[2.7.1, )"
        },
        {
          "Item1": "AForge.Imaging",
          "Item2": "[2.2.5, )"
        },
        {
          "Item1": "Newtonsoft.Json",
          "Item2": "[11.0.2, )"
        },
        {
          "Item1": "NLog",
          "Item2": "[4.5.11, )"
        },
        {
          "Item1": "System.Collections.Immutable",
          "Item2": "[1.5.0, )"
        },
        {
          "Item1": "System.ValueTuple",
          "Item2": "[4.5.0, )"
        }
      ]
    },
    "UiPath.OCR.Contracts": {
      "Id": "UiPath.OCR.Contracts",
      "Version": "2.7.1",
      "Dependencies": []
    },
    "UiPath.Platform": {
      "Id": "UiPath.Platform",
      "Version": "21.10.0",
      "Dependencies": [
        {
          "Item1": "Newtonsoft.Json",
          "Item2": "[11.0.2, )"
        },
        {
          "Item1": "System.IO.Abstractions",
          "Item2": "[3.0.10, )"
        },
        {
          "Item1": "System.ValueTuple",
          "Item2": "[4.5.0, )"
        }
      ]
    },
    "UiPath.System.Activities": {
      "Id": "UiPath.System.Activities",
      "Version": "21.10.2",
      "Dependencies": [
        {
          "Item1": "CsvHelper",
          "Item2": "[16.0.0, )"
        },
        {
          "Item1": "Microsoft.AspNet.SignalR.Client",
          "Item2": "[2.4.0, )"
        },
        {
          "Item1": "Microsoft.AspNetCore.SignalR.Client",
          "Item2": "[3.1.6, )"
        },
        {
          "Item1": "Microsoft.CSharp",
          "Item2": "[4.7.0, )"
        },
        {
          "Item1": "Microsoft.CodeAnalysis.CSharp",
          "Item2": "[3.8.0, )"
        },
        {
          "Item1": "Microsoft.CodeAnalysis.Common",
          "Item2": "[3.8.0, )"
        },
        {
          "Item1": "Microsoft.CodeAnalysis.VisualBasic",
          "Item2": "[3.8.0, )"
        },
        {
          "Item1": "Microsoft.Rest.ClientRuntime",
          "Item2": "[2.3.21, )"
        },
        {
          "Item1": "Microsoft.VisualBasic",
          "Item2": "[10.3.0, )"
        },
        {
          "Item1": "Newtonsoft.Json",
          "Item2": "[11.0.2, )"
        },
        {
          "Item1": "SharpZipLib",
          "Item2": "[1.2.0, )"
        },
        {
          "Item1": "System.Management.Automation",
          "Item2": "[6.1.7601.17515, )"
        },
        {
          "Item1": "UiPath.Platform",
          "Item2": "[21.10.0, )"
        },
        {
          "Item1": "UiPath.Telemetry.Client",
          "Item2": "[1.5.3, )"
        }
      ]
    },
    "UiPath.Telemetry.Client": {
      "Id": "UiPath.Telemetry.Client",
      "Version": "1.5.3",
      "Dependencies": [
        {
          "Item1": "Newtonsoft.Json",
          "Item2": "[11.0.2, )"
        },
        {
          "Item1": "System.Threading.Tasks.Dataflow",
          "Item2": "[5.0.0, )"
        },
        {
          "Item1": "System.ValueTuple",
          "Item2": "[4.5.0, )"
        }
      ]
    },
    "UiPath.UIAutomation.Activities": {
      "Id": "UiPath.UIAutomation.Activities",
      "Version": "20.10.9",
      "Dependencies": [
        {
          "Item1": "UiPath",
          "Item2": "[20.10.7641.24102, 20.10.7641.24102]"
        },
        {
          "Item1": "UiPath.Vision",
          "Item2": "[2.2.0, )"
        },
        {
          "Item1": "UiPath.OCR.Contracts",
          "Item2": "[2.7.1, )"
        },
        {
          "Item1": "UiPath.OCR.Activities",
          "Item2": "[2.4.1, )"
        },
        {
          "Item1": "UiPath.Platform",
          "Item2": "[20.10.4, )"
        },
        {
          "Item1": "AvalonEdit",
          "Item2": "[5.0.3, )"
        },
        {
          "Item1": "Extended.Wpf.Toolkit",
          "Item2": "[3.8.1, )"
        },
        {
          "Item1": "Humanizer.Core",
          "Item2": "[2.4.2, )"
        },
        {
          "Item1": "Newtonsoft.Json",
          "Item2": "[11.0.2, )"
        },
        {
          "Item1": "System.IO.Abstractions",
          "Item2": "[3.0.10, )"
        },
        {
          "Item1": "UiPath.Telemetry.Client",
          "Item2": "[1.2.20, )"
        }
      ]
    },
    "UiPath.Vision": {
      "Id": "UiPath.Vision",
      "Version": "2.2.0",
      "Dependencies": [
        {
          "Item1": "UiPath.OCR.Contracts",
          "Item2": "[2.7.1, )"
        }
      ]
    },
    "UiPath.VMware.Activities": {
      "Id": "UiPath.VMware.Activities",
      "Version": "1.1.7",
      "Dependencies": [
        {
          "Item1": "Newtonsoft.Json",
          "Item2": "[13.0.1, )"
        },
        {
          "Item1": "SharpZipLib",
          "Item2": "[1.3.3, )"
        },
        {
          "Item1": "System.Data.Common",
          "Item2": "[4.3.0, )"
        },
        {
          "Item1": "System.Net.Http",
          "Item2": "[4.3.4, )"
        },
        {
          "Item1": "System.ValueTuple",
          "Item2": "[4.5.0, )"
        },
        {
          "Item1": "UiPath.Telemetry.Client",
          "Item2": "[1.5.3, )"
        }
      ]
    },
    "UiPathTeam.ArchiveLib.Activity": {
      "Id": "UiPathTeam.ArchiveLib.Activity",
      "Version": "1.1.1",
      "Dependencies": [
        {
          "Item1": "UiPath.System.Activities",
          "Item2": "[18.3.6864.20561, )"
        }
      ]
    }
  },
  "AllPackages": [
    {
      "Package": {
        "Id": "AForge",
        "Version": "2.2.5"
      },
      "Assemblies": [
        "C:\\Users\\FLI028\\.nuget\\packages\\aforge\\2.2.5\\lib\\AForge.dll"
      ],
      "Path": "C:\\Users\\FLI028\\.nuget\\packages\\aforge\\2.2.5"
    },
    {
      "Package": {
        "Id": "AForge.Imaging",
        "Version": "2.2.5"
      },
      "Assemblies": [
        "C:\\Users\\FLI028\\.nuget\\packages\\aforge.imaging\\2.2.5\\lib\\AForge.Imaging.dll"
      ],
      "Path": "C:\\Users\\FLI028\\.nuget\\packages\\aforge.imaging\\2.2.5"
    },
    {
      "Package": {
        "Id": "AForge.Math",
        "Version": "2.2.5"
      },
      "Assemblies": [
        "C:\\Users\\FLI028\\.nuget\\packages\\aforge.math\\2.2.5\\lib\\AForge.Math.dll"
      ],
      "Path": "C:\\Users\\FLI028\\.nuget\\packages\\aforge.math\\2.2.5"
    },
    {
      "Package": {
        "Id": "AvalonEdit",
        "Version": "5.0.3"
      },
      "Assemblies": [
        "C:\\Users\\FLI028\\.nuget\\packages\\avalonedit\\5.0.3\\lib\\Net40\\ICSharpCode.AvalonEdit.dll"
      ],
      "Path": "C:\\Users\\FLI028\\.nuget\\packages\\avalonedit\\5.0.3"
    },
    {
      "Package": {
        "Id": "BalaReva.ZipUnzip.Activities",
        "Version": "2020.4.3"
      },
      "Assemblies": [
        "C:\\Users\\FLI028\\.nuget\\packages\\balareva.zipunzip.activities\\2020.4.3\\lib\\BalaReva.Zip.Design.dll",
        "C:\\Users\\FLI028\\.nuget\\packages\\balareva.zipunzip.activities\\2020.4.3\\lib\\BalaReva.Zip.dll"
      ],
      "Path": "C:\\Users\\FLI028\\.nuget\\packages\\balareva.zipunzip.activities\\2020.4.3"
    },
    {
      "Package": {
        "Id": "BouncyCastle",
        "Version": "1.8.5"
      },
      "Assemblies": [
        "C:\\Users\\FLI028\\.nuget\\packages\\bouncycastle\\1.8.5\\lib\\BouncyCastle.Crypto.dll"
      ],
      "Path": "C:\\Users\\FLI028\\.nuget\\packages\\bouncycastle\\1.8.5"
    },
    {
      "Package": {
        "Id": "ClosedXML",
        "Version": "0.87.1"
      },
      "Assemblies": [
        "C:\\Users\\FLI028\\.nuget\\packages\\closedxml\\0.87.1\\lib\\net40\\ClosedXML.dll"
      ],
      "Path": "C:\\Users\\FLI028\\.nuget\\packages\\closedxml\\0.87.1"
    },
    {
      "Package": {
        "Id": "CsvHelper",
        "Version": "16.0.0"
      },
      "Assemblies": [
        "C:\\Users\\FLI028\\.nuget\\packages\\csvhelper\\16.0.0\\lib\\net45\\CsvHelper.dll"
      ],
      "Path": "C:\\Users\\FLI028\\.nuget\\packages\\csvhelper\\16.0.0"
    },
    {
      "Package": {
        "Id": "DocumentFormat.OpenXml",
        "Version": "2.5.0"
      },
      "Assemblies": [
        "C:\\Users\\FLI028\\.nuget\\packages\\documentformat.openxml\\2.5.0\\lib\\DocumentFormat.OpenXml.dll"
      ],
      "Path": "C:\\Users\\FLI028\\.nuget\\packages\\documentformat.openxml\\2.5.0"
    },
    {
      "Package": {
        "Id": "DotNetZip.Reduced",
        "Version": "1.9.1.8"
      },
      "Assemblies": [
        "C:\\Users\\FLI028\\.nuget\\packages\\dotnetzip.reduced\\1.9.1.8\\lib\\net20\\Ionic.Zip.Reduced.dll"
      ],
      "Path": "C:\\Users\\FLI028\\.nuget\\packages\\dotnetzip.reduced\\1.9.1.8"
    },
    {
      "Package": {
        "Id": "Extended.Wpf.Toolkit",
        "Version": "3.8.1"
      },
      "Assemblies": [
        "C:\\Users\\FLI028\\.nuget\\packages\\extended.wpf.toolkit\\3.8.1\\lib\\net40\\Xceed.Wpf.AvalonDock.Themes.Aero.dll",
        "C:\\Users\\FLI028\\.nuget\\packages\\extended.wpf.toolkit\\3.8.1\\lib\\net40\\Xceed.Wpf.AvalonDock.Themes.Metro.dll",
        "C:\\Users\\FLI028\\.nuget\\packages\\extended.wpf.toolkit\\3.8.1\\lib\\net40\\Xceed.Wpf.AvalonDock.Themes.VS2010.dll",
        "C:\\Users\\FLI028\\.nuget\\packages\\extended.wpf.toolkit\\3.8.1\\lib\\net40\\Xceed.Wpf.AvalonDock.dll",
        "C:\\Users\\FLI028\\.nuget\\packages\\extended.wpf.toolkit\\3.8.1\\lib\\net40\\Xceed.Wpf.Toolkit.dll"
      ],
      "Path": "C:\\Users\\FLI028\\.nuget\\packages\\extended.wpf.toolkit\\3.8.1"
    },
    {
      "Package": {
        "Id": "Google.Apis",
        "Version": "1.43.0"
      },
      "Assemblies": [
        "C:\\Users\\FLI028\\.nuget\\packages\\google.apis\\1.43.0\\lib\\net45\\Google.Apis.PlatformServices.dll",
        "C:\\Users\\FLI028\\.nuget\\packages\\google.apis\\1.43.0\\lib\\net45\\Google.Apis.dll"
      ],
      "Path": "C:\\Users\\FLI028\\.nuget\\packages\\google.apis\\1.43.0"
    },
    {
      "Package": {
        "Id": "Google.Apis.Auth",
        "Version": "1.43.0"
      },
      "Assemblies": [
        "C:\\Users\\FLI028\\.nuget\\packages\\google.apis.auth\\1.43.0\\lib\\net45\\Google.Apis.Auth.PlatformServices.dll",
        "C:\\Users\\FLI028\\.nuget\\packages\\google.apis.auth\\1.43.0\\lib\\net45\\Google.Apis.Auth.dll"
      ],
      "Path": "C:\\Users\\FLI028\\.nuget\\packages\\google.apis.auth\\1.43.0"
    },
    {
      "Package": {
        "Id": "Google.Apis.Calendar.v3",
        "Version": "1.43.0.1872"
      },
      "Assemblies": [
        "C:\\Users\\FLI028\\.nuget\\packages\\google.apis.calendar.v3\\1.43.0.1872\\lib\\net45\\Google.Apis.Calendar.v3.dll"
      ],
      "Path": "C:\\Users\\FLI028\\.nuget\\packages\\google.apis.calendar.v3\\1.43.0.1872"
    },
    {
      "Package": {
        "Id": "Google.Apis.Core",
        "Version": "1.43.0"
      },
      "Assemblies": [
        "C:\\Users\\FLI028\\.nuget\\packages\\google.apis.core\\1.43.0\\lib\\net45\\Google.Apis.Core.dll"
      ],
      "Path": "C:\\Users\\FLI028\\.nuget\\packages\\google.apis.core\\1.43.0"
    },
    {
      "Package": {
        "Id": "Google.Apis.Gmail.v1",
        "Version": "1.43.0.1859"
      },
      "Assemblies": [
        "C:\\Users\\FLI028\\.nuget\\packages\\google.apis.gmail.v1\\1.43.0.1859\\lib\\net45\\Google.Apis.Gmail.v1.dll"
      ],
      "Path": "C:\\Users\\FLI028\\.nuget\\packages\\google.apis.gmail.v1\\1.43.0.1859"
    },
    {
      "Package": {
        "Id": "Google.Apis.PeopleService.v1",
        "Version": "1.43.0.1876"
      },
      "Assemblies": [
        "C:\\Users\\FLI028\\.nuget\\packages\\google.apis.peopleservice.v1\\1.43.0.1876\\lib\\net45\\Google.Apis.PeopleService.v1.dll"
      ],
      "Path": "C:\\Users\\FLI028\\.nuget\\packages\\google.apis.peopleservice.v1\\1.43.0.1876"
    },
    {
      "Package": {
        "Id": "Humanizer.Core",
        "Version": "2.4.2"
      },
      "Assemblies": [
        "C:\\Users\\FLI028\\.nuget\\packages\\humanizer.core\\2.4.2\\lib\\netstandard2.0\\Humanizer.dll"
      ],
      "Path": "C:\\Users\\FLI028\\.nuget\\packages\\humanizer.core\\2.4.2"
    },
    {
      "Package": {
        "Id": "interop.domino.dll",
        "Version": "1.0.0"
      },
      "Assemblies": [
        "C:\\Users\\FLI028\\.nuget\\packages\\interop.domino.dll\\1.0.0\\lib\\Interop.Domino.dll"
      ],
      "Path": "C:\\Users\\FLI028\\.nuget\\packages\\interop.domino.dll\\1.0.0"
    },
    {
      "Package": {
        "Id": "Ionic.Zip",
        "Version": "1.9.1.8"
      },
      "Assemblies": [
        "C:\\Users\\FLI028\\.nuget\\packages\\ionic.zip\\1.9.1.8\\lib\\Ionic.Zip.dll"
      ],
      "Path": "C:\\Users\\FLI028\\.nuget\\packages\\ionic.zip\\1.9.1.8"
    },
    {
      "Package": {
        "Id": "Microsoft.AspNet.SignalR.Client",
        "Version": "2.4.0"
      },
      "Assemblies": [
        "C:\\Users\\FLI028\\.nuget\\packages\\microsoft.aspnet.signalr.client\\2.4.0\\lib\\net45\\Microsoft.AspNet.SignalR.Client.dll"
      ],
      "Path": "C:\\Users\\FLI028\\.nuget\\packages\\microsoft.aspnet.signalr.client\\2.4.0"
    },
    {
      "Package": {
        "Id": "Microsoft.AspNetCore.Connections.Abstractions",
        "Version": "3.1.6"
      },
      "Assemblies": [
        "C:\\Users\\FLI028\\.nuget\\packages\\microsoft.aspnetcore.connections.abstractions\\3.1.6\\lib\\netstandard2.0\\Microsoft.AspNetCore.Connections.Abstractions.dll"
      ],
      "Path": "C:\\Users\\FLI028\\.nuget\\packages\\microsoft.aspnetcore.connections.abstractions\\3.1.6"
    },
    {
      "Package": {
        "Id": "Microsoft.AspNetCore.Http.Connections.Client",
        "Version": "3.1.6"
      },
      "Assemblies": [
        "C:\\Users\\FLI028\\.nuget\\packages\\microsoft.aspnetcore.http.connections.client\\3.1.6\\lib\\netstandard2.0\\Microsoft.AspNetCore.Http.Connections.Client.dll"
      ],
      "Path": "C:\\Users\\FLI028\\.nuget\\packages\\microsoft.aspnetcore.http.connections.client\\3.1.6"
    },
    {
      "Package": {
        "Id": "Microsoft.AspNetCore.Http.Connections.Common",
        "Version": "3.1.6"
      },
      "Assemblies": [
        "C:\\Users\\FLI028\\.nuget\\packages\\microsoft.aspnetcore.http.connections.common\\3.1.6\\lib\\netstandard2.0\\Microsoft.AspNetCore.Http.Connections.Common.dll"
      ],
      "Path": "C:\\Users\\FLI028\\.nuget\\packages\\microsoft.aspnetcore.http.connections.common\\3.1.6"
    },
    {
      "Package": {
        "Id": "Microsoft.AspNetCore.Http.Features",
        "Version": "3.1.6"
      },
      "Assemblies": [
        "C:\\Users\\FLI028\\.nuget\\packages\\microsoft.aspnetcore.http.features\\3.1.6\\lib\\netstandard2.0\\Microsoft.AspNetCore.Http.Features.dll"
      ],
      "Path": "C:\\Users\\FLI028\\.nuget\\packages\\microsoft.aspnetcore.http.features\\3.1.6"
    },
    {
      "Package": {
        "Id": "Microsoft.AspNetCore.SignalR.Client",
        "Version": "3.1.6"
      },
      "Assemblies": [
        "C:\\Users\\FLI028\\.nuget\\packages\\microsoft.aspnetcore.signalr.client\\3.1.6\\lib\\netstandard2.0\\Microsoft.AspNetCore.SignalR.Client.dll"
      ],
      "Path": "C:\\Users\\FLI028\\.nuget\\packages\\microsoft.aspnetcore.signalr.client\\3.1.6"
    },
    {
      "Package": {
        "Id": "Microsoft.AspNetCore.SignalR.Client.Core",
        "Version": "3.1.6"
      },
      "Assemblies": [
        "C:\\Users\\FLI028\\.nuget\\packages\\microsoft.aspnetcore.signalr.client.core\\3.1.6\\lib\\netstandard2.0\\Microsoft.AspNetCore.SignalR.Client.Core.dll"
      ],
      "Path": "C:\\Users\\FLI028\\.nuget\\packages\\microsoft.aspnetcore.signalr.client.core\\3.1.6"
    },
    {
      "Package": {
        "Id": "Microsoft.AspNetCore.SignalR.Common",
        "Version": "3.1.6"
      },
      "Assemblies": [
        "C:\\Users\\FLI028\\.nuget\\packages\\microsoft.aspnetcore.signalr.common\\3.1.6\\lib\\netstandard2.0\\Microsoft.AspNetCore.SignalR.Common.dll"
      ],
      "Path": "C:\\Users\\FLI028\\.nuget\\packages\\microsoft.aspnetcore.signalr.common\\3.1.6"
    },
    {
      "Package": {
        "Id": "Microsoft.AspNetCore.SignalR.Protocols.Json",
        "Version": "3.1.6"
      },
      "Assemblies": [
        "C:\\Users\\FLI028\\.nuget\\packages\\microsoft.aspnetcore.signalr.protocols.json\\3.1.6\\lib\\netstandard2.0\\Microsoft.AspNetCore.SignalR.Protocols.Json.dll"
      ],
      "Path": "C:\\Users\\FLI028\\.nuget\\packages\\microsoft.aspnetcore.signalr.protocols.json\\3.1.6"
    },
    {
      "Package": {
        "Id": "Microsoft.Bcl.AsyncInterfaces",
        "Version": "1.1.1"
      },
      "Assemblies": [
        "C:\\Users\\FLI028\\.nuget\\packages\\microsoft.bcl.asyncinterfaces\\1.1.1\\lib\\net461\\Microsoft.Bcl.AsyncInterfaces.dll"
      ],
      "Path": "C:\\Users\\FLI028\\.nuget\\packages\\microsoft.bcl.asyncinterfaces\\1.1.1"
    },
    {
      "Package": {
        "Id": "Microsoft.CodeAnalysis.Analyzers",
        "Version": "3.0.0"
      },
      "Assemblies": [],
      "Path": "C:\\Users\\FLI028\\.nuget\\packages\\microsoft.codeanalysis.analyzers\\3.0.0"
    },
    {
      "Package": {
        "Id": "Microsoft.CodeAnalysis.Common",
        "Version": "3.8.0"
      },
      "Assemblies": [
        "C:\\Users\\FLI028\\.nuget\\packages\\microsoft.codeanalysis.common\\3.8.0\\lib\\netstandard2.0\\Microsoft.CodeAnalysis.dll"
      ],
      "Path": "C:\\Users\\FLI028\\.nuget\\packages\\microsoft.codeanalysis.common\\3.8.0"
    },
    {
      "Package": {
        "Id": "Microsoft.CodeAnalysis.CSharp",
        "Version": "3.8.0"
      },
      "Assemblies": [
        "C:\\Users\\FLI028\\.nuget\\packages\\microsoft.codeanalysis.csharp\\3.8.0\\lib\\netstandard2.0\\Microsoft.CodeAnalysis.CSharp.dll"
      ],
      "Path": "C:\\Users\\FLI028\\.nuget\\packages\\microsoft.codeanalysis.csharp\\3.8.0"
    },
    {
      "Package": {
        "Id": "Microsoft.CodeAnalysis.VisualBasic",
        "Version": "3.8.0"
      },
      "Assemblies": [
        "C:\\Users\\FLI028\\.nuget\\packages\\microsoft.codeanalysis.visualbasic\\3.8.0\\lib\\netstandard2.0\\Microsoft.CodeAnalysis.VisualBasic.dll"
      ],
      "Path": "C:\\Users\\FLI028\\.nuget\\packages\\microsoft.codeanalysis.visualbasic\\3.8.0"
    },
    {
      "Package": {
        "Id": "Microsoft.CSharp",
        "Version": "4.7.0"
      },
      "Assemblies": [
        "C:\\Users\\FLI028\\.nuget\\packages\\microsoft.csharp\\4.7.0\\lib\\net45\\_._"
      ],
      "Path": "C:\\Users\\FLI028\\.nuget\\packages\\microsoft.csharp\\4.7.0"
    },
    {
      "Package": {
        "Id": "Microsoft.Exchange.WebServices",
        "Version": "2.2.0"
      },
      "Assemblies": [
        "C:\\Users\\FLI028\\.nuget\\packages\\microsoft.exchange.webservices\\2.2.0\\lib\\40\\Microsoft.Exchange.WebServices.Auth.dll",
        "C:\\Users\\FLI028\\.nuget\\packages\\microsoft.exchange.webservices\\2.2.0\\lib\\40\\Microsoft.Exchange.WebServices.dll"
      ],
      "Path": "C:\\Users\\FLI028\\.nuget\\packages\\microsoft.exchange.webservices\\2.2.0"
    },
    {
      "Package": {
        "Id": "Microsoft.Extensions.Configuration",
        "Version": "3.1.6"
      },
      "Assemblies": [
        "C:\\Users\\FLI028\\.nuget\\packages\\microsoft.extensions.configuration\\3.1.6\\lib\\netstandard2.0\\Microsoft.Extensions.Configuration.dll"
      ],
      "Path": "C:\\Users\\FLI028\\.nuget\\packages\\microsoft.extensions.configuration\\3.1.6"
    },
    {
      "Package": {
        "Id": "Microsoft.Extensions.Configuration.Abstractions",
        "Version": "3.1.6"
      },
      "Assemblies": [
        "C:\\Users\\FLI028\\.nuget\\packages\\microsoft.extensions.configuration.abstractions\\3.1.6\\lib\\netstandard2.0\\Microsoft.Extensions.Configuration.Abstractions.dll"
      ],
      "Path": "C:\\Users\\FLI028\\.nuget\\packages\\microsoft.extensions.configuration.abstractions\\3.1.6"
    },
    {
      "Package": {
        "Id": "Microsoft.Extensions.Configuration.Binder",
        "Version": "3.1.6"
      },
      "Assemblies": [
        "C:\\Users\\FLI028\\.nuget\\packages\\microsoft.extensions.configuration.binder\\3.1.6\\lib\\netstandard2.0\\Microsoft.Extensions.Configuration.Binder.dll"
      ],
      "Path": "C:\\Users\\FLI028\\.nuget\\packages\\microsoft.extensions.configuration.binder\\3.1.6"
    },
    {
      "Package": {
        "Id": "Microsoft.Extensions.DependencyInjection",
        "Version": "3.1.6"
      },
      "Assemblies": [
        "C:\\Users\\FLI028\\.nuget\\packages\\microsoft.extensions.dependencyinjection\\3.1.6\\lib\\net461\\Microsoft.Extensions.DependencyInjection.dll"
      ],
      "Path": "C:\\Users\\FLI028\\.nuget\\packages\\microsoft.extensions.dependencyinjection\\3.1.6"
    },
    {
      "Package": {
        "Id": "Microsoft.Extensions.DependencyInjection.Abstractions",
        "Version": "3.1.6"
      },
      "Assemblies": [
        "C:\\Users\\FLI028\\.nuget\\packages\\microsoft.extensions.dependencyinjection.abstractions\\3.1.6\\lib\\netstandard2.0\\Microsoft.Extensions.DependencyInjection.Abstractions.dll"
      ],
      "Path": "C:\\Users\\FLI028\\.nuget\\packages\\microsoft.extensions.dependencyinjection.abstractions\\3.1.6"
    },
    {
      "Package": {
        "Id": "Microsoft.Extensions.Logging",
        "Version": "3.1.6"
      },
      "Assemblies": [
        "C:\\Users\\FLI028\\.nuget\\packages\\microsoft.extensions.logging\\3.1.6\\lib\\netstandard2.0\\Microsoft.Extensions.Logging.dll"
      ],
      "Path": "C:\\Users\\FLI028\\.nuget\\packages\\microsoft.extensions.logging\\3.1.6"
    },
    {
      "Package": {
        "Id": "Microsoft.Extensions.Logging.Abstractions",
        "Version": "3.1.6"
      },
      "Assemblies": [
        "C:\\Users\\FLI028\\.nuget\\packages\\microsoft.extensions.logging.abstractions\\3.1.6\\lib\\netstandard2.0\\Microsoft.Extensions.Logging.Abstractions.dll"
      ],
      "Path": "C:\\Users\\FLI028\\.nuget\\packages\\microsoft.extensions.logging.abstractions\\3.1.6"
    },
    {
      "Package": {
        "Id": "Microsoft.Extensions.Options",
        "Version": "3.1.6"
      },
      "Assemblies": [
        "C:\\Users\\FLI028\\.nuget\\packages\\microsoft.extensions.options\\3.1.6\\lib\\netstandard2.0\\Microsoft.Extensions.Options.dll"
      ],
      "Path": "C:\\Users\\FLI028\\.nuget\\packages\\microsoft.extensions.options\\3.1.6"
    },
    {
      "Package": {
        "Id": "Microsoft.Extensions.Primitives",
        "Version": "3.1.6"
      },
      "Assemblies": [
        "C:\\Users\\FLI028\\.nuget\\packages\\microsoft.extensions.primitives\\3.1.6\\lib\\netstandard2.0\\Microsoft.Extensions.Primitives.dll"
      ],
      "Path": "C:\\Users\\FLI028\\.nuget\\packages\\microsoft.extensions.primitives\\3.1.6"
    },
    {
      "Package": {
        "Id": "Microsoft.Identity.Client",
        "Version": "4.14.0"
      },
      "Assemblies": [
        "C:\\Users\\FLI028\\.nuget\\packages\\microsoft.identity.client\\4.14.0\\lib\\net45\\Microsoft.Identity.Client.dll"
      ],
      "Path": "C:\\Users\\FLI028\\.nuget\\packages\\microsoft.identity.client\\4.14.0"
    },
    {
      "Package": {
        "Id": "Microsoft.Rest.ClientRuntime",
        "Version": "2.3.21"
      },
      "Assemblies": [
        "C:\\Users\\FLI028\\.nuget\\packages\\microsoft.rest.clientruntime\\2.3.21\\lib\\net461\\Microsoft.Rest.ClientRuntime.dll"
      ],
      "Path": "C:\\Users\\FLI028\\.nuget\\packages\\microsoft.rest.clientruntime\\2.3.21"
    },
    {
      "Package": {
        "Id": "Microsoft.VisualBasic",
        "Version": "10.3.0"
      },
      "Assemblies": [
        "C:\\Users\\FLI028\\.nuget\\packages\\microsoft.visualbasic\\10.3.0\\lib\\net45\\_._"
      ],
      "Path": "C:\\Users\\FLI028\\.nuget\\packages\\microsoft.visualbasic\\10.3.0"
    },
    {
      "Package": {
        "Id": "Microsoft.VisualStudio.OLE.Interop",
        "Version": "7.10.6071"
      },
      "Assemblies": [
        "C:\\Users\\FLI028\\.nuget\\packages\\microsoft.visualstudio.ole.interop\\7.10.6071\\lib\\Microsoft.VisualStudio.OLE.Interop.dll"
      ],
      "Path": "C:\\Users\\FLI028\\.nuget\\packages\\microsoft.visualstudio.ole.interop\\7.10.6071"
    },
    {
      "Package": {
        "Id": "Newtonsoft.Json",
        "Version": "13.0.1"
      },
      "Assemblies": [
        "C:\\Users\\FLI028\\.nuget\\packages\\newtonsoft.json\\13.0.1\\lib\\net45\\Newtonsoft.Json.dll"
      ],
      "Path": "C:\\Users\\FLI028\\.nuget\\packages\\newtonsoft.json\\13.0.1"
    },
    {
      "Package": {
        "Id": "NLog",
        "Version": "4.5.11"
      },
      "Assemblies": [
        "C:\\Users\\FLI028\\.nuget\\packages\\nlog\\4.5.11\\lib\\net45\\NLog.dll"
      ],
      "Path": "C:\\Users\\FLI028\\.nuget\\packages\\nlog\\4.5.11"
    },
    {
      "Package": {
        "Id": "NPOI",
        "Version": "2.4.1"
      },
      "Assemblies": [
        "C:\\Users\\FLI028\\.nuget\\packages\\npoi\\2.4.1\\lib\\net45\\NPOI.OOXML.dll",
        "C:\\Users\\FLI028\\.nuget\\packages\\npoi\\2.4.1\\lib\\net45\\NPOI.OpenXml4Net.dll",
        "C:\\Users\\FLI028\\.nuget\\packages\\npoi\\2.4.1\\lib\\net45\\NPOI.OpenXmlFormats.dll",
        "C:\\Users\\FLI028\\.nuget\\packages\\npoi\\2.4.1\\lib\\net45\\NPOI.dll"
      ],
      "Path": "C:\\Users\\FLI028\\.nuget\\packages\\npoi\\2.4.1"
    },
    {
      "Package": {
        "Id": "SharpCompress",
        "Version": "0.26.0"
      },
      "Assemblies": [
        "C:\\Users\\FLI028\\.nuget\\packages\\sharpcompress\\0.26.0\\lib\\net46\\SharpCompress.dll"
      ],
      "Path": "C:\\Users\\FLI028\\.nuget\\packages\\sharpcompress\\0.26.0"
    },
    {
      "Package": {
        "Id": "SharpZipLib",
        "Version": "1.3.3"
      },
      "Assemblies": [
        "C:\\Users\\FLI028\\.nuget\\packages\\sharpziplib\\1.3.3\\lib\\net45\\ICSharpCode.SharpZipLib.dll"
      ],
      "Path": "C:\\Users\\FLI028\\.nuget\\packages\\sharpziplib\\1.3.3"
    },
    {
      "Package": {
        "Id": "System.Buffers",
        "Version": "4.5.1"
      },
      "Assemblies": [
        "C:\\Users\\FLI028\\.nuget\\packages\\system.buffers\\4.5.1\\lib\\net461\\System.Buffers.dll"
      ],
      "Path": "C:\\Users\\FLI028\\.nuget\\packages\\system.buffers\\4.5.1"
    },
    {
      "Package": {
        "Id": "System.Collections.Immutable",
        "Version": "5.0.0"
      },
      "Assemblies": [
        "C:\\Users\\FLI028\\.nuget\\packages\\system.collections.immutable\\5.0.0\\lib\\net461\\System.Collections.Immutable.dll"
      ],
      "Path": "C:\\Users\\FLI028\\.nuget\\packages\\system.collections.immutable\\5.0.0"
    },
    {
      "Package": {
        "Id": "System.ComponentModel.Annotations",
        "Version": "4.7.0"
      },
      "Assemblies": [
        "C:\\Users\\FLI028\\.nuget\\packages\\system.componentmodel.annotations\\4.7.0\\lib\\net461\\System.ComponentModel.Annotations.dll"
      ],
      "Path": "C:\\Users\\FLI028\\.nuget\\packages\\system.componentmodel.annotations\\4.7.0"
    },
    {
      "Package": {
        "Id": "System.Data.Common",
        "Version": "4.3.0"
      },
      "Assemblies": [
        "C:\\Users\\FLI028\\.nuget\\packages\\system.data.common\\4.3.0\\lib\\net451\\System.Data.Common.dll"
      ],
      "Path": "C:\\Users\\FLI028\\.nuget\\packages\\system.data.common\\4.3.0"
    },
    {
      "Package": {
        "Id": "System.IO.Abstractions",
        "Version": "3.0.10"
      },
      "Assemblies": [
        "C:\\Users\\FLI028\\.nuget\\packages\\system.io.abstractions\\3.0.10\\lib\\net40\\System.IO.Abstractions.dll"
      ],
      "Path": "C:\\Users\\FLI028\\.nuget\\packages\\system.io.abstractions\\3.0.10"
    },
    {
      "Package": {
        "Id": "System.IO.Pipelines",
        "Version": "4.7.1"
      },
      "Assemblies": [
        "C:\\Users\\FLI028\\.nuget\\packages\\system.io.pipelines\\4.7.1\\lib\\netstandard2.0\\System.IO.Pipelines.dll"
      ],
      "Path": "C:\\Users\\FLI028\\.nuget\\packages\\system.io.pipelines\\4.7.1"
    },
    {
      "Package": {
        "Id": "System.Management.Automation",
        "Version": "6.1.7601.17515"
      },
      "Assemblies": [
        "C:\\Users\\FLI028\\.nuget\\packages\\system.management.automation\\6.1.7601.17515\\lib\\net45\\System.Management.Automation.dll"
      ],
      "Path": "C:\\Users\\FLI028\\.nuget\\packages\\system.management.automation\\6.1.7601.17515"
    },
    {
      "Package": {
        "Id": "System.Memory",
        "Version": "4.5.4"
      },
      "Assemblies": [
        "C:\\Users\\FLI028\\.nuget\\packages\\system.memory\\4.5.4\\lib\\net461\\System.Memory.dll"
      ],
      "Path": "C:\\Users\\FLI028\\.nuget\\packages\\system.memory\\4.5.4"
    },
    {
      "Package": {
        "Id": "System.Net.Http",
        "Version": "4.3.4"
      },
      "Assemblies": [
        "C:\\Users\\FLI028\\.nuget\\packages\\system.net.http\\4.3.4\\lib\\net46\\System.Net.Http.dll"
      ],
      "Path": "C:\\Users\\FLI028\\.nuget\\packages\\system.net.http\\4.3.4"
    },
    {
      "Package": {
        "Id": "System.Numerics.Vectors",
        "Version": "4.5.0"
      },
      "Assemblies": [
        "C:\\Users\\FLI028\\.nuget\\packages\\system.numerics.vectors\\4.5.0\\lib\\net46\\System.Numerics.Vectors.dll"
      ],
      "Path": "C:\\Users\\FLI028\\.nuget\\packages\\system.numerics.vectors\\4.5.0"
    },
    {
      "Package": {
        "Id": "System.Reflection.Metadata",
        "Version": "5.0.0"
      },
      "Assemblies": [
        "C:\\Users\\FLI028\\.nuget\\packages\\system.reflection.metadata\\5.0.0\\lib\\net461\\System.Reflection.Metadata.dll"
      ],
      "Path": "C:\\Users\\FLI028\\.nuget\\packages\\system.reflection.metadata\\5.0.0"
    },
    {
      "Package": {
        "Id": "System.Runtime.CompilerServices.Unsafe",
        "Version": "4.7.1"
      },
      "Assemblies": [
        "C:\\Users\\FLI028\\.nuget\\packages\\system.runtime.compilerservices.unsafe\\4.7.1\\lib\\net461\\System.Runtime.CompilerServices.Unsafe.dll"
      ],
      "Path": "C:\\Users\\FLI028\\.nuget\\packages\\system.runtime.compilerservices.unsafe\\4.7.1"
    },
    {
      "Package": {
        "Id": "System.Security.Cryptography.Algorithms",
        "Version": "4.3.0"
      },
      "Assemblies": [
        "C:\\Users\\FLI028\\.nuget\\packages\\system.security.cryptography.algorithms\\4.3.0\\lib\\net461\\System.Security.Cryptography.Algorithms.dll"
      ],
      "Path": "C:\\Users\\FLI028\\.nuget\\packages\\system.security.cryptography.algorithms\\4.3.0"
    },
    {
      "Package": {
        "Id": "System.Security.Cryptography.Encoding",
        "Version": "4.3.0"
      },
      "Assemblies": [
        "C:\\Users\\FLI028\\.nuget\\packages\\system.security.cryptography.encoding\\4.3.0\\lib\\net46\\System.Security.Cryptography.Encoding.dll"
      ],
      "Path": "C:\\Users\\FLI028\\.nuget\\packages\\system.security.cryptography.encoding\\4.3.0"
    },
    {
      "Package": {
        "Id": "System.Security.Cryptography.Primitives",
        "Version": "4.3.0"
      },
      "Assemblies": [
        "C:\\Users\\FLI028\\.nuget\\packages\\system.security.cryptography.primitives\\4.3.0\\lib\\net46\\System.Security.Cryptography.Primitives.dll"
      ],
      "Path": "C:\\Users\\FLI028\\.nuget\\packages\\system.security.cryptography.primitives\\4.3.0"
    },
    {
      "Package": {
        "Id": "System.Security.Cryptography.X509Certificates",
        "Version": "4.3.0"
      },
      "Assemblies": [
        "C:\\Users\\FLI028\\.nuget\\packages\\system.security.cryptography.x509certificates\\4.3.0\\lib\\net461\\System.Security.Cryptography.X509Certificates.dll"
      ],
      "Path": "C:\\Users\\FLI028\\.nuget\\packages\\system.security.cryptography.x509certificates\\4.3.0"
    },
    {
      "Package": {
        "Id": "System.Text.Encoding.CodePages",
        "Version": "4.5.1"
      },
      "Assemblies": [
        "C:\\Users\\FLI028\\.nuget\\packages\\system.text.encoding.codepages\\4.5.1\\lib\\net461\\System.Text.Encoding.CodePages.dll"
      ],
      "Path": "C:\\Users\\FLI028\\.nuget\\packages\\system.text.encoding.codepages\\4.5.1"
    },
    {
      "Package": {
        "Id": "System.Text.Encodings.Web",
        "Version": "4.7.1"
      },
      "Assemblies": [
        "C:\\Users\\FLI028\\.nuget\\packages\\system.text.encodings.web\\4.7.1\\lib\\net461\\System.Text.Encodings.Web.dll"
      ],
      "Path": "C:\\Users\\FLI028\\.nuget\\packages\\system.text.encodings.web\\4.7.1"
    },
    {
      "Package": {
        "Id": "System.Text.Json",
        "Version": "4.7.2"
      },
      "Assemblies": [
        "C:\\Users\\FLI028\\.nuget\\packages\\system.text.json\\4.7.2\\lib\\net461\\System.Text.Json.dll"
      ],
      "Path": "C:\\Users\\FLI028\\.nuget\\packages\\system.text.json\\4.7.2"
    },
    {
      "Package": {
        "Id": "System.Threading.Channels",
        "Version": "4.7.1"
      },
      "Assemblies": [
        "C:\\Users\\FLI028\\.nuget\\packages\\system.threading.channels\\4.7.1\\lib\\net461\\System.Threading.Channels.dll"
      ],
      "Path": "C:\\Users\\FLI028\\.nuget\\packages\\system.threading.channels\\4.7.1"
    },
    {
      "Package": {
        "Id": "System.Threading.Tasks.Dataflow",
        "Version": "5.0.0"
      },
      "Assemblies": [
        "C:\\Users\\FLI028\\.nuget\\packages\\system.threading.tasks.dataflow\\5.0.0\\lib\\net461\\System.Threading.Tasks.Dataflow.dll"
      ],
      "Path": "C:\\Users\\FLI028\\.nuget\\packages\\system.threading.tasks.dataflow\\5.0.0"
    },
    {
      "Package": {
        "Id": "System.Threading.Tasks.Extensions",
        "Version": "4.5.4"
      },
      "Assemblies": [
        "C:\\Users\\FLI028\\.nuget\\packages\\system.threading.tasks.extensions\\4.5.4\\lib\\net461\\System.Threading.Tasks.Extensions.dll"
      ],
      "Path": "C:\\Users\\FLI028\\.nuget\\packages\\system.threading.tasks.extensions\\4.5.4"
    },
    {
      "Package": {
        "Id": "System.ValueTuple",
        "Version": "4.5.0"
      },
      "Assemblies": [
        "C:\\Users\\FLI028\\.nuget\\packages\\system.valuetuple\\4.5.0\\lib\\net461\\System.ValueTuple.dll"
      ],
      "Path": "C:\\Users\\FLI028\\.nuget\\packages\\system.valuetuple\\4.5.0"
    },
    {
      "Package": {
        "Id": "UiPath",
        "Version": "20.10.7641.24102"
      },
      "Assemblies": [
        "C:\\Users\\FLI028\\.nuget\\packages\\uipath\\20.10.7641.24102\\lib\\UiPath.Interop.dll"
      ],
      "Path": "C:\\Users\\FLI028\\.nuget\\packages\\uipath\\20.10.7641.24102"
    },
    {
      "Package": {
        "Id": "UiPath.Excel.Activities",
        "Version": "2.9.5"
      },
      "Assemblies": [
        "C:\\Users\\FLI028\\.nuget\\packages\\uipath.excel.activities\\2.9.5\\lib\\net461\\UiPath.Excel.Activities.Design.dll",
        "C:\\Users\\FLI028\\.nuget\\packages\\uipath.excel.activities\\2.9.5\\lib\\net461\\UiPath.Excel.Activities.dll",
        "C:\\Users\\FLI028\\.nuget\\packages\\uipath.excel.activities\\2.9.5\\lib\\net461\\UiPath.Excel.dll"
      ],
      "Path": "C:\\Users\\FLI028\\.nuget\\packages\\uipath.excel.activities\\2.9.5"
    },
    {
      "Package": {
        "Id": "UiPath.Mail.Activities",
        "Version": "1.9.5"
      },
      "Assemblies": [
        "C:\\Users\\FLI028\\.nuget\\packages\\uipath.mail.activities\\1.9.5\\lib\\net461\\MailKit.dll",
        "C:\\Users\\FLI028\\.nuget\\packages\\uipath.mail.activities\\1.9.5\\lib\\net461\\MimeKit.dll",
        "C:\\Users\\FLI028\\.nuget\\packages\\uipath.mail.activities\\1.9.5\\lib\\net461\\UiPath.Mail.Activities.Design.dll",
        "C:\\Users\\FLI028\\.nuget\\packages\\uipath.mail.activities\\1.9.5\\lib\\net461\\UiPath.Mail.Activities.dll",
        "C:\\Users\\FLI028\\.nuget\\packages\\uipath.mail.activities\\1.9.5\\lib\\net461\\UiPath.Mail.dll"
      ],
      "Path": "C:\\Users\\FLI028\\.nuget\\packages\\uipath.mail.activities\\1.9.5"
    },
    {
      "Package": {
        "Id": "UiPath.OCR.Activities",
        "Version": "2.4.1"
      },
      "Assemblies": [
        "C:\\Users\\FLI028\\.nuget\\packages\\uipath.ocr.activities\\2.4.1\\lib\\net461\\UiPath.OCR.Activities.Design.dll",
        "C:\\Users\\FLI028\\.nuget\\packages\\uipath.ocr.activities\\2.4.1\\lib\\net461\\UiPath.OCR.Activities.dll",
        "C:\\Users\\FLI028\\.nuget\\packages\\uipath.ocr.activities\\2.4.1\\lib\\net461\\UiPath.OCR.Core.dll"
      ],
      "Path": "C:\\Users\\FLI028\\.nuget\\packages\\uipath.ocr.activities\\2.4.1"
    },
    {
      "Package": {
        "Id": "UiPath.OCR.Contracts",
        "Version": "2.7.1"
      },
      "Assemblies": [
        "C:\\Users\\FLI028\\.nuget\\packages\\uipath.ocr.contracts\\2.7.1\\lib\\net461\\UiPath.OCR.Contracts.dll"
      ],
      "Path": "C:\\Users\\FLI028\\.nuget\\packages\\uipath.ocr.contracts\\2.7.1"
    },
    {
      "Package": {
        "Id": "UiPath.Platform",
        "Version": "21.10.0"
      },
      "Assemblies": [
        "C:\\Users\\FLI028\\.nuget\\packages\\uipath.platform\\21.10.0\\lib\\net461\\UiPath.Platform.dll"
      ],
      "Path": "C:\\Users\\FLI028\\.nuget\\packages\\uipath.platform\\21.10.0"
    },
    {
      "Package": {
        "Id": "UiPath.System.Activities",
        "Version": "21.10.2"
      },
      "Assemblies": [
        "C:\\Users\\FLI028\\.nuget\\packages\\uipath.system.activities\\21.10.2\\lib\\net461\\UiPath.OrchestratorClient.dll",
        "C:\\Users\\FLI028\\.nuget\\packages\\uipath.system.activities\\21.10.2\\lib\\net461\\UiPath.System.Activities.Design.dll",
        "C:\\Users\\FLI028\\.nuget\\packages\\uipath.system.activities\\21.10.2\\lib\\net461\\UiPath.System.Activities.dll"
      ],
      "Path": "C:\\Users\\FLI028\\.nuget\\packages\\uipath.system.activities\\21.10.2"
    },
    {
      "Package": {
        "Id": "UiPath.Telemetry.Client",
        "Version": "1.5.3"
      },
      "Assemblies": [
        "C:\\Users\\FLI028\\.nuget\\packages\\uipath.telemetry.client\\1.5.3\\lib\\net461\\TelemetryClient.dll"
      ],
      "Path": "C:\\Users\\FLI028\\.nuget\\packages\\uipath.telemetry.client\\1.5.3"
    },
    {
      "Package": {
        "Id": "UiPath.UIAutomation.Activities",
        "Version": "20.10.9"
      },
      "Assemblies": [
        "C:\\Users\\FLI028\\.nuget\\packages\\uipath.uiautomation.activities\\20.10.9\\lib\\net461\\ActiproSoftware.DataGrid.Contrib.Wpf.dll",
        "C:\\Users\\FLI028\\.nuget\\packages\\uipath.uiautomation.activities\\20.10.9\\lib\\net461\\ActiproSoftware.Docking.Wpf.dll",
        "C:\\Users\\FLI028\\.nuget\\packages\\uipath.uiautomation.activities\\20.10.9\\lib\\net461\\ActiproSoftware.Editors.Wpf.dll",
        "C:\\Users\\FLI028\\.nuget\\packages\\uipath.uiautomation.activities\\20.10.9\\lib\\net461\\ActiproSoftware.Ribbon.Wpf.dll",
        "C:\\Users\\FLI028\\.nuget\\packages\\uipath.uiautomation.activities\\20.10.9\\lib\\net461\\ActiproSoftware.Shared.Wpf.dll",
        "C:\\Users\\FLI028\\.nuget\\packages\\uipath.uiautomation.activities\\20.10.9\\lib\\net461\\ActiproSoftware.SyntaxEditor.Addons.DotNet.Wpf.dll",
        "C:\\Users\\FLI028\\.nuget\\packages\\uipath.uiautomation.activities\\20.10.9\\lib\\net461\\ActiproSoftware.SyntaxEditor.Wpf.dll",
        "C:\\Users\\FLI028\\.nuget\\packages\\uipath.uiautomation.activities\\20.10.9\\lib\\net461\\ActiproSoftware.Text.Addons.DotNet.Wpf.dll",
        "C:\\Users\\FLI028\\.nuget\\packages\\uipath.uiautomation.activities\\20.10.9\\lib\\net461\\ActiproSoftware.Text.LLParser.Wpf.dll",
        "C:\\Users\\FLI028\\.nuget\\packages\\uipath.uiautomation.activities\\20.10.9\\lib\\net461\\ActiproSoftware.Text.Wpf.dll",
        "C:\\Users\\FLI028\\.nuget\\packages\\uipath.uiautomation.activities\\20.10.9\\lib\\net461\\ActiproSoftware.Wizard.Wpf.dll",
        "C:\\Users\\FLI028\\.nuget\\packages\\uipath.uiautomation.activities\\20.10.9\\lib\\net461\\UiPath.CV.Activities.Design.dll",
        "C:\\Users\\FLI028\\.nuget\\packages\\uipath.uiautomation.activities\\20.10.9\\lib\\net461\\UiPath.CV.Activities.dll",
        "C:\\Users\\FLI028\\.nuget\\packages\\uipath.uiautomation.activities\\20.10.9\\lib\\net461\\UiPath.CV.dll",
        "C:\\Users\\FLI028\\.nuget\\packages\\uipath.uiautomation.activities\\20.10.9\\lib\\net461\\UiPath.UIAutomation.Activities.Design.dll",
        "C:\\Users\\FLI028\\.nuget\\packages\\uipath.uiautomation.activities\\20.10.9\\lib\\net461\\UiPath.UIAutomationCore.dll",
        "C:\\Users\\FLI028\\.nuget\\packages\\uipath.uiautomation.activities\\20.10.9\\lib\\net461\\UiPath.UIAutomationNext.Activities.Design.dll",
        "C:\\Users\\FLI028\\.nuget\\packages\\uipath.uiautomation.activities\\20.10.9\\lib\\net461\\UiPath.UIAutomationNext.Activities.dll",
        "C:\\Users\\FLI028\\.nuget\\packages\\uipath.uiautomation.activities\\20.10.9\\lib\\net461\\UiPath.UIAutomationNext.dll",
        "C:\\Users\\FLI028\\.nuget\\packages\\uipath.uiautomation.activities\\20.10.9\\lib\\net461\\UiPath.UiAutomation.Activities.dll",
        "C:\\Users\\FLI028\\.nuget\\packages\\uipath.uiautomation.activities\\20.10.9\\lib\\net461\\UiPath.Wizards.dll"
      ],
      "Path": "C:\\Users\\FLI028\\.nuget\\packages\\uipath.uiautomation.activities\\20.10.9"
    },
    {
      "Package": {
        "Id": "UiPath.Vision",
        "Version": "2.2.0"
      },
      "Assemblies": [
        "C:\\Users\\FLI028\\.nuget\\packages\\uipath.vision\\2.2.0\\lib\\net461\\UiPath.Vision.Core.dll",
        "C:\\Users\\FLI028\\.nuget\\packages\\uipath.vision\\2.2.0\\lib\\net461\\UiPath.Vision.dll"
      ],
      "Path": "C:\\Users\\FLI028\\.nuget\\packages\\uipath.vision\\2.2.0"
    },
    {
      "Package": {
        "Id": "UiPath.VMware.Activities",
        "Version": "1.1.7"
      },
      "Assemblies": [
        "C:\\Users\\FLI028\\.nuget\\packages\\uipath.vmware.activities\\1.1.7\\lib\\net461\\UiPath.VMware.Activities.Design.dll",
        "C:\\Users\\FLI028\\.nuget\\packages\\uipath.vmware.activities\\1.1.7\\lib\\net461\\UiPath.VMware.Activities.dll",
        "C:\\Users\\FLI028\\.nuget\\packages\\uipath.vmware.activities\\1.1.7\\lib\\net461\\UiPath.VMware.dll",
        "C:\\Users\\FLI028\\.nuget\\packages\\uipath.vmware.activities\\1.1.7\\lib\\net461\\vapi-client-bindings.dll",
        "C:\\Users\\FLI028\\.nuget\\packages\\uipath.vmware.activities\\1.1.7\\lib\\net461\\vapi-runtime.dll",
        "C:\\Users\\FLI028\\.nuget\\packages\\uipath.vmware.activities\\1.1.7\\lib\\net461\\Vim25Service.dll",
        "C:\\Users\\FLI028\\.nuget\\packages\\uipath.vmware.activities\\1.1.7\\lib\\net461\\VimService.dll",
        "C:\\Users\\FLI028\\.nuget\\packages\\uipath.vmware.activities\\1.1.7\\lib\\net461\\VMware.Binding.Wcf.dll",
        "C:\\Users\\FLI028\\.nuget\\packages\\uipath.vmware.activities\\1.1.7\\lib\\net461\\VMware.Vim.dll"
      ],
      "Path": "C:\\Users\\FLI028\\.nuget\\packages\\uipath.vmware.activities\\1.1.7"
    },
    {
      "Package": {
        "Id": "UiPathTeam.ArchiveLib.Activity",
        "Version": "1.1.1"
      },
      "Assemblies": [
        "C:\\Users\\FLI028\\.nuget\\packages\\uipathteam.archivelib.activity\\1.1.1\\lib\\net45\\ArchiveLib.dll"
      ],
      "Path": "C:\\Users\\FLI028\\.nuget\\packages\\uipathteam.archivelib.activity\\1.1.1"
    }
  ]
}